{
  "nuc2:power": {
    "time": [
      0.016,
      1.041,
      2.275,
      3.308,
      4.329,
      5.384,
      6.414,
      7.437,
      8.46,
      9.478,
      10.528,
      11.548,
      12.568,
      13.587,
      14.608,
      15.693,
      16.72,
      17.739,
      18.863
    ],
    "val": [
      17145.0,
      17183.0,
      18010.0,
      17578.0,
      17860.0,
      15716.0,
      17728.0,
      17766.0,
      18217.0,
      18217.0,
      17916.0,
      17164.0,
      17878.0,
      17314.0,
      16938.0,
      17446.0,
      18217.0,
      18217.0,
      17728.0
    ]
  },
  "nuc2:pcks": {
    "time": [
      0.002,
      1.006,
      2.008,
      3.012,
      4.015,
      5.018,
      6.022,
      7.026,
      8.029,
      9.033,
      10.037,
      11.04,
      12.044,
      13.048,
      14.051,
      15.055,
      16.058,
      17.06,
      18.063,
      19.067,
      20.071,
      21.074,
      22.078,
      23.08,
      24.083,
      25.086,
      26.09,
      27.092,
      28.096,
      29.099
    ],
    "val": [
      91646.15688572625,
      73286.22753974711,
      73558.73413419616,
      68363.29797045208,
      77734.25929360965,
      70451.68199067832,
      73838.85028312549,
      79820.47304136866,
      80188.1864611411,
      69231.2894987264,
      74218.6514485024,
      65802.22787299583,
      82412.42646830312,
      72994.23955952683,
      65509.01250240888,
      73731.59253689717,
      65554.43431985952,
      73860.93131083148,
      70721.3713981419,
      83533.0549408987,
      69758.07928595618,
      80490.1851486,
      68181.06407942688,
      73774.17873447896,
      75389.31871522786,
      74680.1548180933,
      77929.13616264627,
      72783.47157646301,
      69855.0076494119,
      72851.57387088166
    ]
  },
  "nuc2:mbps": {
    "time": [
      0.001,
      1.005,
      2.008,
      3.011,
      4.015,
      5.018,
      6.021,
      7.025,
      8.029,
      9.032,
      10.036,
      11.04,
      12.043,
      13.047,
      14.051,
      15.054,
      16.058,
      17.059,
      18.062,
      19.066,
      20.07,
      21.074,
      22.077,
      23.08,
      24.083,
      25.086,
      26.089,
      27.092,
      28.095,
      29.098
    ],
    "val": [
      1026.436957120134,
      818.1676394154954,
      822.1991308451035,
      763.1915699364483,
      869.3008316647763,
      786.8627184566103,
      825.3438179737648,
      892.9150753363677,
      896.4397980008524,
      772.7429941632939,
      829.1262005609925,
      735.0115488329649,
      922.899463272164,
      815.5118934807606,
      730.815653182844,
      824.1348800650277,
      731.4475376390576,
      825.0629187564123,
      790.2718216761272,
      935.5702153380654,
      778.7516935417544,
      900.7771437989886,
      761.5479881081662,
      824.5171717201875,
      842.798018159672,
      834.4587815352589,
      871.5836051131103,
      813.0247808551269,
      779.9625345998437,
      813.837161336736
    ]
  },
  "nuc2:cpu_perc": {
    "time": [
      0.0,
      1.004,
      2.007,
      3.01,
      4.014,
      5.017,
      6.02,
      7.024,
      8.028,
      9.031,
      10.035,
      11.039,
      12.042,
      13.046,
      14.05,
      15.053,
      16.057,
      17.059,
      18.062,
      19.065,
      20.069,
      21.073,
      22.076,
      23.079,
      24.082,
      25.085,
      26.088,
      27.091,
      28.094,
      29.098
    ],
    "val": [
      18.5,
      19.8,
      20.7,
      19.3,
      19.7,
      19.8,
      21.9,
      23.5,
      20.8,
      19.9,
      19.5,
      18.8,
      20.9,
      20.0,
      18.2,
      20.2,
      16.8,
      18.4,
      18.5,
      22.0,
      18.0,
      20.6,
      16.4,
      18.8,
      18.9,
      18.4,
      19.1,
      18.0,
      18.1,
      18.2
    ]
  }
}