{
  "nuc2:power": {
    "time": [
      0.027,
      1.049,
      2.073,
      3.095,
      4.116,
      5.152,
      6.174,
      7.193,
      8.219,
      9.241,
      10.267,
      11.29,
      12.349,
      13.41,
      14.457,
      15.485,
      16.601,
      17.664,
      18.686,
      19.706,
      20.739,
      21.785,
      22.847,
      23.871,
      24.894,
      25.912,
      26.936,
      27.975,
      29.013
    ],
    "val": [
      9870.0,
      9870.0,
      9757.0,
      9757.0,
      9870.0,
      9870.0,
      9588.0,
      9588.0,
      9625.0,
      9625.0,
      9982.0,
      9982.0,
      9926.0,
      9926.0,
      10058.0,
      10058.0,
      10170.0,
      10170.0,
      10095.0,
      10095.0,
      10076.0,
      10076.0,
      10076.0,
      10076.0,
      10246.0,
      10246.0,
      10076.0,
      10076.0,
      10001.0
    ]
  },
  "nuc2:pcks": {
    "time": [
      0.003,
      1.007,
      2.013,
      3.017,
      4.022,
      5.027,
      6.033,
      7.038,
      8.043,
      9.047,
      10.052,
      11.057,
      12.062,
      13.067,
      14.071,
      15.075,
      16.08,
      17.083,
      18.089,
      19.094,
      20.098,
      21.103,
      22.108,
      23.112,
      24.117,
      25.121,
      26.125,
      27.129,
      28.134,
      29.138
    ],
    "val": [
      26099.023220519048,
      18748.323347388927,
      18624.94419608755,
      18827.057974361087,
      18628.996802585836,
      18623.393446881128,
      18686.841894958485,
      18738.123719715517,
      18669.5924111349,
      18789.598855626264,
      18424.450017287585,
      18849.330451382262,
      18794.803431614484,
      18632.55588818708,
      18633.01579471756,
      18829.176085914765,
      18642.550700630378,
      18639.12497587281,
      18673.817118124138,
      18753.380564295418,
      18645.683097382964,
      18794.883567545352,
      18352.081957104998,
      18945.51692906287,
      18654.5601114747,
      18801.24034227821,
      18556.826302057045,
      18777.68190804367,
      18692.241353527308,
      18656.939755359446
    ]
  },
  "nuc2:mbps": {
    "time": [
      0.002,
      1.007,
      2.012,
      3.016,
      4.021,
      5.026,
      6.032,
      7.037,
      8.042,
      9.046,
      10.051,
      11.057,
      12.061,
      13.066,
      14.07,
      15.075,
      16.079,
      17.083,
      18.088,
      19.094,
      20.098,
      21.102,
      22.107,
      23.111,
      24.116,
      25.12,
      26.124,
      27.128,
      28.133,
      29.138
    ],
    "val": [
      290.9951970471999,
      208.38811233027678,
      207.03031847288565,
      209.27696573492247,
      207.07536625424558,
      207.01308072448242,
      207.72363895481703,
      208.28311869142306,
      207.52938510898537,
      208.85781272120886,
      204.80075192093034,
      209.55934091147495,
      208.91675608485167,
      207.11492817817617,
      207.12004038653888,
      209.30051014423196,
      207.22602806558672,
      207.1879485481346,
      207.5767651843733,
      208.46217278823895,
      207.25346605521383,
      208.9314943068166,
      203.99062610953663,
      210.61493642076016,
      207.3610315522344,
      208.99610456415058,
      206.26549924034236,
      208.73155298594,
      207.77493837835928,
      207.3882372006784
    ]
  },
  "nuc2:cpu_perc": {
    "time": [
      0.0,
      1.005,
      2.01,
      3.015,
      4.02,
      5.025,
      6.03,
      7.036,
      8.04,
      9.045,
      10.05,
      11.054,
      12.06,
      13.064,
      14.069,
      15.074,
      16.078,
      17.082,
      18.086,
      19.092,
      20.097,
      21.101,
      22.105,
      23.11,
      24.115,
      25.12,
      26.123,
      27.127,
      28.132,
      29.136
    ],
    "val": [
      11.5,
      14.2,
      14.4,
      13.9,
      11.7,
      12.1,
      14.9,
      14.3,
      13.8,
      12.2,
      12.4,
      12.0,
      12.2,
      12.7,
      12.5,
      12.2,
      12.7,
      13.2,
      10.0,
      10.7,
      11.5,
      12.5,
      10.3,
      11.9,
      11.2,
      11.7,
      13.3,
      9.8,
      12.1,
      11.1
    ]
  }
}