{
  "nuc2:power": {
    "time": [
      0.045,
      1.148,
      2.231,
      3.278,
      4.334,
      5.391,
      6.686,
      7.962,
      9.079,
      10.15,
      11.22,
      12.264,
      13.321,
      14.356,
      15.412,
      16.497,
      17.521,
      18.57,
      19.599,
      20.623,
      21.647,
      22.71,
      23.759,
      24.786,
      25.894
    ],
    "val": [
      13836.0,
      15096.0,
      15096.0,
      13611.0,
      14062.0,
      13836.0,
      13836.0,
      14100.0,
      12182.0,
      14758.0,
      15434.0,
      15434.0,
      15228.0,
      14457.0,
      14983.0,
      14983.0,
      14137.0,
      14438.0,
      14889.0,
      14889.0,
      14720.0,
      14457.0,
      14344.0,
      14344.0,
      14908.0
    ]
  },
  "nuc2:pcks": {
    "time": [
      0.001,
      1.004,
      2.007,
      3.01,
      4.013,
      5.017,
      6.019,
      7.023,
      8.026,
      9.03,
      10.035,
      11.038,
      12.042,
      13.044,
      14.048,
      15.051,
      16.054,
      17.057,
      18.06,
      19.063,
      20.066,
      21.07,
      22.073,
      23.076,
      24.079,
      25.082,
      26.085,
      27.088,
      28.091,
      29.094
    ],
    "val": [
      94208.3607856954,
      47284.62358667928,
      46305.66721988208,
      46982.750406642415,
      46690.68207180141,
      46767.92290379969,
      46200.71072804857,
      47375.485511551604,
      46690.995694707875,
      45229.71680805678,
      47929.84303705125,
      46422.48152496733,
      47246.457046194184,
      46792.00231812236,
      46666.056481736356,
      46744.388043490406,
      46534.95038064601,
      46769.045632573005,
      46898.480195197204,
      46732.32607912066,
      46645.50707314336,
      46417.14629078356,
      46960.38421506036,
      46633.58164943735,
      46894.93898231761,
      46698.681208816175,
      46765.387780178935,
      46704.966427841304,
      46614.46799300781,
      46727.633960685904
    ]
  },
  "nuc2:mbps": {
    "time": [
      0.001,
      1.004,
      2.007,
      3.01,
      4.013,
      5.016,
      6.019,
      7.022,
      8.026,
      9.029,
      10.034,
      11.038,
      12.041,
      13.044,
      14.047,
      15.05,
      16.053,
      17.056,
      18.059,
      19.063,
      20.065,
      21.069,
      22.072,
      23.075,
      24.078,
      25.081,
      26.084,
      27.087,
      28.09,
      29.093
    ],
    "val": [
      1055.1336407997885,
      525.6274781551103,
      514.7689262852341,
      522.3317224855505,
      519.1193641266364,
      519.8583420829445,
      513.6968763414231,
      526.868847131422,
      518.9992108406196,
      502.98521201661936,
      532.9198219978837,
      516.2604966619405,
      525.32709511061,
      520.1275985664115,
      518.7442467673418,
      519.5949709010885,
      517.2816111317358,
      519.9245765469462,
      521.420994693029,
      519.4773499169095,
      518.8812339383969,
      516.3102755705258,
      522.0281093815755,
      518.461534597854,
      521.2831567113974,
      519.1075646821843,
      519.8285651518054,
      519.1608848642709,
      518.1767683622357,
      519.593141595407
    ]
  },
  "nuc2:cpu_perc": {
    "time": [
      0.0,
      1.003,
      2.006,
      3.009,
      4.012,
      5.015,
      6.018,
      7.021,
      8.025,
      9.028,
      10.032,
      11.037,
      12.04,
      13.043,
      14.046,
      15.05,
      16.053,
      17.056,
      18.059,
      19.062,
      20.065,
      21.068,
      22.071,
      23.075,
      24.078,
      25.081,
      26.084,
      27.086,
      28.089,
      29.093
    ],
    "val": [
      12.0,
      12.7,
      13.2,
      13.3,
      13.0,
      11.6,
      12.8,
      14.1,
      13.3,
      16.3,
      15.5,
      15.6,
      14.9,
      13.2,
      11.8,
      12.8,
      12.7,
      12.7,
      13.2,
      11.3,
      12.1,
      12.2,
      14.2,
      14.6,
      11.1,
      11.7,
      12.2,
      11.5,
      11.2,
      15.5
    ]
  }
}