{
  "nuc2:power": {
    "time": [
      0.017,
      1.039,
      2.063,
      3.152,
      4.234,
      5.261,
      6.284,
      7.304,
      8.325,
      9.347,
      10.367,
      11.401,
      12.429,
      13.451,
      14.479,
      15.503,
      16.522,
      17.553,
      18.6,
      19.626,
      20.69,
      21.714,
      22.737,
      23.761,
      24.981,
      26.022,
      27.059,
      28.116,
      29.135
    ],
    "val": [
      15641.0,
      15848.0,
      15848.0,
      15792.0,
      15904.0,
      15040.0,
      15021.0,
      15021.0,
      14682.0,
      14175.0,
      14833.0,
      14833.0,
      15246.0,
      14927.0,
      15698.0,
      15698.0,
      14908.0,
      15058.0,
      14908.0,
      14908.0,
      13197.0,
      14776.0,
      14776.0,
      14739.0,
      14852.0,
      14551.0,
      14551.0,
      14852.0,
      14024.0
    ]
  },
  "nuc2:pcks": {
    "time": [
      0.002,
      1.006,
      2.009,
      3.014,
      4.017,
      5.021,
      6.024,
      7.028,
      8.03,
      9.034,
      10.037,
      11.041,
      12.044,
      13.048,
      14.052,
      15.056,
      16.058,
      17.062,
      18.065,
      19.068,
      20.071,
      21.075,
      22.078,
      23.082,
      24.086,
      25.089,
      26.093,
      27.096,
      28.099,
      29.102
    ],
    "val": [
      52080.37495627842,
      46714.836807204876,
      46751.872306755584,
      46675.622634914034,
      46752.897244286585,
      46704.48368267602,
      46754.90383405409,
      46736.672330355956,
      46734.456619234224,
      46670.57252707316,
      46769.5801263587,
      46662.47068581324,
      46754.208162307186,
      46676.58840267291,
      46763.37773639802,
      46707.202553700874,
      46765.02776903302,
      46663.514911137514,
      46777.558374888955,
      46691.36058724722,
      46752.22958673219,
      46714.87017167076,
      46726.96719592211,
      46737.338796609525,
      46716.536385338724,
      46704.001421067805,
      46765.43798067817,
      46712.20657101152,
      46714.92356499793,
      46773.12001064409
    ]
  },
  "nuc2:mbps": {
    "time": [
      0.001,
      1.005,
      2.009,
      3.013,
      4.016,
      5.02,
      6.024,
      7.027,
      8.03,
      9.033,
      10.037,
      11.04,
      12.044,
      13.047,
      14.051,
      15.055,
      16.058,
      17.061,
      18.065,
      19.068,
      20.071,
      21.074,
      22.078,
      23.081,
      24.085,
      25.089,
      26.092,
      27.095,
      28.098,
      29.101
    ],
    "val": [
      580.2722024987758,
      519.2989689910205,
      519.7143344216921,
      518.8470419325299,
      519.7244792319065,
      519.157449784233,
      519.7152215687848,
      519.5189435275928,
      519.6420004184705,
      518.9505598846297,
      519.8854971555337,
      518.9475168018421,
      519.7896825338258,
      518.9240855361402,
      519.8102546620282,
      519.2430642597327,
      519.8566595801386,
      518.9679049503599,
      519.9880392858698,
      519.0310603603373,
      519.71195342241,
      519.3733935765923,
      519.4298776207673,
      519.5177902730776,
      519.3145098085274,
      519.2532092405656,
      519.8608675519197,
      519.2777285870914,
      519.3143346936374,
      519.9825231418871
    ]
  },
  "nuc2:cpu_perc": {
    "time": [
      0.0,
      1.004,
      2.008,
      3.012,
      4.015,
      5.019,
      6.023,
      7.026,
      8.029,
      9.032,
      10.036,
      11.039,
      12.043,
      13.046,
      14.05,
      15.054,
      16.057,
      17.06,
      18.064,
      19.067,
      20.07,
      21.073,
      22.077,
      23.08,
      24.084,
      25.088,
      26.091,
      27.095,
      28.097,
      29.101
    ],
    "val": [
      14.6,
      16.1,
      16.3,
      14.9,
      14.5,
      13.2,
      12.4,
      12.8,
      14.8,
      15.2,
      14.4,
      11.1,
      10.0,
      13.4,
      13.3,
      10.7,
      9.8,
      11.9,
      9.5,
      13.9,
      14.0,
      11.1,
      10.9,
      11.3,
      11.6,
      15.1,
      13.6,
      14.7,
      13.6,
      14.2
    ]
  }
}