{
  "nuc2:power": {
    "time": [
      0.016,
      1.053,
      2.104,
      3.13,
      4.164,
      5.185,
      6.203,
      7.228,
      8.248,
      9.44,
      10.467,
      11.484,
      12.509,
      13.532,
      14.55,
      15.571,
      16.632,
      17.654,
      18.681,
      19.702,
      20.735,
      21.752,
      22.776,
      23.799,
      24.827,
      25.848,
      26.873,
      27.901,
      28.919,
      29.981
    ],
    "val": [
      16656.0,
      16656.0,
      16525.0,
      16769.0,
      17183.0,
      17014.0,
      16750.0,
      16750.0,
      16374.0,
      16957.0,
      16995.0,
      16525.0,
      16544.0,
      17596.0,
      17596.0,
      17446.0,
      16882.0,
      16769.0,
      16882.0,
      17145.0,
      17596.0,
      17596.0,
      16938.0,
      16750.0,
      16656.0,
      16581.0,
      17032.0,
      17032.0,
      17070.0,
      16938.0
    ]
  },
  "nuc2:pcks": {
    "time": [
      0.002,
      1.005,
      2.008,
      3.011,
      4.013,
      5.017,
      6.02,
      7.023,
      8.026,
      9.03,
      10.033,
      11.036,
      12.039,
      13.041,
      14.043,
      15.045,
      16.048,
      17.051,
      18.054,
      19.057,
      20.06,
      21.063,
      22.066,
      23.069,
      24.072,
      25.075,
      26.078,
      27.081,
      28.084,
      29.087
    ],
    "val": [
      85964.51083986154,
      65403.691837050734,
      65519.54106195633,
      65369.53341648161,
      65488.179642691815,
      65278.490149206475,
      65292.06860940693,
      65181.66311579965,
      65679.97435823077,
      65418.95132504609,
      65398.22948086361,
      65387.90473769028,
      65162.96443721476,
      65760.20774422905,
      65416.96040552542,
      65204.23008312395,
      65605.21420966485,
      65381.66891793439,
      65455.537152567886,
      65323.400259682785,
      63535.63254928372,
      67266.53011835113,
      65423.322982585814,
      65481.03529554959,
      65317.52880345797,
      65442.185955729576,
      65284.80677786845,
      65546.91912820454,
      64781.69114388048,
      66057.98216206464
    ]
  },
  "nuc2:mbps": {
    "time": [
      0.001,
      1.005,
      2.007,
      3.01,
      4.013,
      5.016,
      6.02,
      7.023,
      8.026,
      9.029,
      10.032,
      11.036,
      12.039,
      13.041,
      14.043,
      15.045,
      16.047,
      17.05,
      18.053,
      19.056,
      20.059,
      21.062,
      22.065,
      23.068,
      24.072,
      25.075,
      26.078,
      27.081,
      28.084,
      29.087
    ],
    "val": [
      959.6481969553654,
      727.1872492879525,
      728.371362376152,
      726.8729916524808,
      728.0596186662198,
      725.9170366421404,
      726.0285224051324,
      724.654009052115,
      730.6334425396685,
      727.29748792065,
      726.9788354884748,
      727.0048743187522,
      724.4575186571951,
      731.3801373885918,
      727.1722003373329,
      724.8589691483569,
      729.2615883332825,
      726.8673320541398,
      727.6167003187475,
      726.9048577523488,
      706.5456689968094,
      747.9683526019961,
      727.2188027026318,
      727.9563307029784,
      726.1494952325365,
      727.5204165395267,
      725.8194838912178,
      728.8495050715462,
      720.4131704382618,
      734.4783965333867
    ]
  },
  "nuc2:cpu_perc": {
    "time": [
      0.0,
      1.004,
      2.006,
      3.01,
      4.012,
      5.015,
      6.019,
      7.022,
      8.025,
      9.028,
      10.032,
      11.035,
      12.038,
      13.041,
      14.042,
      15.045,
      16.046,
      17.05,
      18.053,
      19.056,
      20.059,
      21.062,
      22.065,
      23.068,
      24.071,
      25.074,
      26.077,
      27.08,
      28.083,
      29.086
    ],
    "val": [
      16.7,
      18.1,
      17.4,
      16.9,
      16.3,
      18.3,
      16.0,
      15.5,
      15.1,
      18.9,
      15.1,
      15.7,
      15.8,
      15.7,
      18.9,
      19.0,
      18.8,
      19.1,
      20.0,
      20.7,
      19.4,
      21.0,
      17.0,
      15.3,
      16.7,
      16.3,
      15.7,
      17.7,
      18.6,
      16.8
    ]
  }
}