{
  "nuc2:power": {
    "time": [
      0.051,
      1.11,
      2.141,
      3.191,
      4.345,
      5.366,
      6.393,
      7.418,
      8.684,
      9.72,
      10.739,
      11.995,
      13.929,
      14.964,
      15.987,
      17.011,
      18.077,
      19.095,
      20.114,
      21.141,
      22.165,
      23.186,
      24.21,
      25.271,
      27.128,
      28.153,
      29.176
    ],
    "val": [
      12652.0,
      12652.0,
      12784.0,
      13705.0,
      13047.0,
      13047.0,
      14024.0,
      14889.0,
      13160.0,
      13160.0,
      14908.0,
      12690.0,
      13009.0,
      13874.0,
      13874.0,
      13667.0,
      13630.0,
      13630.0,
      13216.0,
      13949.0,
      13949.0,
      13742.0,
      13799.0,
      13799.0,
      12708.0,
      12220.0,
      13348.0
    ]
  },
  "nuc2:pcks": {
    "time": [
      0.002,
      1.006,
      2.01,
      3.013,
      4.017,
      5.02,
      6.024,
      7.028,
      8.032,
      9.035,
      10.039,
      11.043,
      12.047,
      13.05,
      14.053,
      15.057,
      16.06,
      17.063,
      18.066,
      19.07,
      20.072,
      21.075,
      22.078,
      23.081,
      24.084,
      25.087,
      26.09,
      27.094,
      28.097,
      29.1
    ],
    "val": [
      44098.46497156957,
      37364.75894460659,
      37356.17627785479,
      37384.03860650546,
      37366.860081535146,
      37413.52576458929,
      37372.99189612448,
      37402.99077736302,
      37366.010076998915,
      37398.045536296486,
      37344.14979990792,
      37382.461396030645,
      37354.79164009333,
      37380.07963523915,
      37398.63979968342,
      37357.89000234308,
      37360.130823350446,
      37416.04185451454,
      37409.32022299831,
      37348.477472856815,
      37412.76436778875,
      37394.47262758496,
      37347.04911195377,
      37390.968943901535,
      37360.52571149848,
      37380.484214748234,
      37409.1680390705,
      37400.15305575309,
      37337.16596156067,
      37365.88371607213
    ]
  },
  "nuc2:mbps": {
    "time": [
      0.002,
      1.006,
      2.009,
      3.013,
      4.016,
      5.019,
      6.023,
      7.027,
      8.031,
      9.035,
      10.039,
      11.042,
      12.046,
      13.05,
      14.053,
      15.056,
      16.059,
      17.062,
      18.066,
      19.069,
      20.071,
      21.074,
      22.077,
      23.08,
      24.083,
      25.087,
      26.09,
      27.093,
      28.097,
      29.1
    ],
    "val": [
      490.18773699989276,
      415.3656201923751,
      415.2382454150723,
      415.550558747305,
      415.4871211496166,
      415.97560163041516,
      415.5995597519352,
      415.77314825765984,
      415.42216500344676,
      415.70877406969265,
      415.2650646182306,
      415.5336146085114,
      415.42757230828823,
      415.5277064557187,
      415.713113547582,
      415.2864321212587,
      415.4101209349306,
      415.90755814249275,
      415.83284213267217,
      415.1805487875476,
      415.87911148874696,
      415.68426432740824,
      415.1561900828412,
      415.7097438533256,
      415.2853307781392,
      415.6498405959438,
      415.84181494699004,
      415.73774473044494,
      415.217896897642,
      415.6147178829651
    ]
  },
  "nuc2:cpu_perc": {
    "time": [
      0.0,
      1.005,
      2.008,
      3.012,
      4.016,
      5.019,
      6.022,
      7.026,
      8.03,
      9.034,
      10.037,
      11.042,
      12.045,
      13.049,
      14.052,
      15.055,
      16.058,
      17.062,
      18.065,
      19.068,
      20.071,
      21.073,
      22.077,
      23.08,
      24.083,
      25.086,
      26.089,
      27.092,
      28.096,
      29.099
    ],
    "val": [
      11.5,
      14.0,
      12.5,
      10.7,
      13.8,
      12.4,
      13.4,
      12.3,
      11.9,
      12.1,
      13.0,
      13.6,
      13.4,
      12.7,
      11.9,
      12.3,
      12.1,
      9.0,
      11.2,
      11.8,
      13.9,
      14.6,
      16.4,
      17.1,
      16.7,
      16.7,
      17.0,
      18.6,
      18.2,
      15.4
    ]
  }
}