{
  "nuc2:power": {
    "time": [
      0.039,
      1.065,
      2.089,
      3.12,
      4.142,
      5.195,
      6.311,
      7.338,
      8.362,
      9.4,
      10.426,
      11.456,
      12.495,
      13.54,
      14.619,
      15.647,
      16.676,
      17.703,
      18.736,
      19.76,
      20.786,
      21.835,
      22.877,
      23.901,
      24.925,
      25.953,
      26.991,
      28.009,
      29.039
    ],
    "val": [
      15359.0,
      15209.0,
      15209.0,
      15152.0,
      15491.0,
      16957.0,
      16562.0,
      16562.0,
      16882.0,
      16732.0,
      16957.0,
      17183.0,
      16713.0,
      16807.0,
      16807.0,
      16995.0,
      17032.0,
      16826.0,
      16656.0,
      16412.0,
      16412.0,
      17296.0,
      17126.0,
      17446.0,
      17202.0,
      16976.0,
      17239.0,
      17183.0,
      17183.0
    ]
  },
  "nuc2:pcks": {
    "time": [
      0.002,
      1.006,
      2.009,
      3.012,
      4.015,
      5.018,
      6.022,
      7.025,
      8.028,
      9.031,
      10.035,
      11.038,
      12.04,
      13.043,
      14.046,
      15.049,
      16.052,
      17.055,
      18.058,
      19.061,
      20.064,
      21.067,
      22.071,
      23.073,
      24.076,
      25.08,
      26.083,
      27.087,
      28.09,
      29.094
    ],
    "val": [
      91772.01715228148,
      65400.20419937006,
      65420.57314276822,
      65302.518571481545,
      65566.57375304942,
      65393.608981282414,
      65398.24833682862,
      65459.966828951656,
      65399.18780713374,
      65475.656156279634,
      65362.25367201381,
      65425.413377469216,
      64163.21479894761,
      66615.60940802767,
      65452.370141815554,
      64067.18496955357,
      66529.25401113421,
      65525.34464158883,
      65360.30845616654,
      65267.90343028079,
      65101.253769494106,
      65822.81671654049,
      65425.210089144275,
      65427.99038297603,
      65309.73896821465,
      65420.13377884135,
      65411.82088326365,
      65388.70163447823,
      65422.59552923498,
      65394.42922059443
    ]
  },
  "nuc2:mbps": {
    "time": [
      0.002,
      1.005,
      2.008,
      3.011,
      4.015,
      5.018,
      6.021,
      7.025,
      8.028,
      9.031,
      10.034,
      11.037,
      12.04,
      13.043,
      14.046,
      15.049,
      16.052,
      17.055,
      18.058,
      19.06,
      20.064,
      21.067,
      22.07,
      23.073,
      24.076,
      25.079,
      26.082,
      27.086,
      28.09,
      29.093
    ],
    "val": [
      1024.039206308521,
      726.989443115997,
      727.1898348551922,
      725.9664280122729,
      729.4107438107213,
      726.8951430528724,
      727.020267650422,
      727.8858915085376,
      726.96463097996,
      727.826225461746,
      726.5446759317475,
      727.3265242538903,
      713.4414724031207,
      740.7105773664473,
      727.6469553084347,
      712.5961104970314,
      739.6975406469302,
      728.3923290343936,
      727.1410916326695,
      725.6473815271963,
      724.2835825130772,
      731.7527149360943,
      727.4844935284162,
      727.394954021717,
      726.6636675065907,
      727.3236865155599,
      727.3856363384388,
      726.9133096825637,
      727.3858141026253,
      726.9709116771721
    ]
  },
  "nuc2:cpu_perc": {
    "time": [
      0.0,
      1.004,
      2.008,
      3.011,
      4.014,
      5.017,
      6.02,
      7.024,
      8.027,
      9.03,
      10.034,
      11.037,
      12.039,
      13.042,
      14.045,
      15.048,
      16.051,
      17.054,
      18.057,
      19.06,
      20.063,
      21.066,
      22.07,
      23.072,
      24.075,
      25.078,
      26.082,
      27.085,
      28.089,
      29.092
    ],
    "val": [
      15.8,
      16.6,
      16.3,
      15.9,
      17.2,
      16.7,
      16.2,
      15.5,
      15.0,
      16.0,
      15.0,
      17.7,
      19.7,
      19.5,
      18.7,
      18.2,
      18.2,
      15.9,
      14.5,
      16.9,
      17.3,
      18.6,
      18.3,
      17.9,
      18.6,
      18.1,
      17.3,
      18.3,
      19.4,
      18.3
    ]
  }
}