{
  "nuc2:power": {
    "time": [
      0.05,
      1.096,
      2.132,
      3.251,
      4.303,
      5.327,
      6.438,
      7.5,
      8.557,
      9.612,
      10.643,
      11.732,
      12.822,
      13.856,
      14.881,
      15.922,
      16.945,
      18.003,
      19.039,
      20.081,
      21.132,
      22.194,
      23.339,
      24.606,
      25.715,
      26.798,
      28.058,
      29.142
    ],
    "val": [
      12276.0,
      11374.0,
      11374.0,
      12596.0,
      13197.0,
      13197.0,
      12765.0,
      12784.0,
      12784.0,
      14175.0,
      14006.0,
      13874.0,
      13874.0,
      12746.0,
      12746.0,
      12351.0,
      12013.0,
      12013.0,
      12558.0,
      12934.0,
      12934.0,
      13573.0,
      12163.0,
      12163.0,
      11750.0,
      13460.0,
      13460.0,
      12614.0
    ]
  },
  "nuc2:pcks": {
    "time": [
      0.002,
      1.005,
      2.008,
      3.011,
      4.015,
      5.018,
      6.021,
      7.024,
      8.027,
      9.03,
      10.033,
      11.036,
      12.039,
      13.042,
      14.047,
      15.05,
      16.054,
      17.057,
      18.06,
      19.063,
      20.066,
      21.069,
      22.072,
      23.075,
      24.079,
      25.082,
      26.086,
      27.089,
      28.092,
      29.096
    ],
    "val": [
      40081.20345252774,
      37493.0574025821,
      37332.325702853654,
      37399.9452348904,
      37275.77069718652,
      37108.236752403376,
      37819.86265803142,
      37181.78045260745,
      37395.750956931544,
      37450.54063212689,
      37500.20144062766,
      37149.47962012152,
      37471.373706828665,
      37413.64988606862,
      37337.33471644408,
      37424.16317974244,
      37441.84446018338,
      37345.20170485869,
      37287.11623608911,
      37459.04573735076,
      37410.39897084423,
      37341.17368015308,
      37331.12414751029,
      36900.35391755376,
      37915.61154326156,
      37277.16211312733,
      37414.42531142962,
      37508.55073279824,
      37367.009481830595,
      37277.59897872567
    ]
  },
  "nuc2:mbps": {
    "time": [
      0.001,
      1.004,
      2.007,
      3.011,
      4.014,
      5.017,
      6.021,
      7.023,
      8.027,
      9.029,
      10.032,
      11.036,
      12.039,
      13.042,
      14.046,
      15.05,
      16.053,
      17.056,
      18.059,
      19.063,
      20.066,
      21.069,
      22.072,
      23.075,
      24.078,
      25.082,
      26.085,
      27.089,
      28.092,
      29.095
    ],
    "val": [
      444.6396668527743,
      416.7714509995534,
      414.9678299474704,
      415.81544534883915,
      414.4248215623697,
      412.4859041056068,
      420.4871036075911,
      413.289023168412,
      415.6820094941596,
      416.29305419839153,
      416.8410394091196,
      413.0549984026463,
      416.86214877124854,
      415.8809696070361,
      415.03527142459427,
      416.0012729801366,
      416.1883270366019,
      415.2171029613897,
      414.4734451436952,
      416.47121311501655,
      415.83685695684875,
      415.06937991453583,
      415.0285678130141,
      410.1804214556376,
      421.53497711982595,
      414.36993282495615,
      415.95425142088146,
      416.94476295156073,
      415.3498440042376,
      414.3656381489384
    ]
  },
  "nuc2:cpu_perc": {
    "time": [
      0.0,
      1.004,
      2.006,
      3.01,
      4.013,
      5.017,
      6.02,
      7.022,
      8.026,
      9.029,
      10.032,
      11.034,
      12.038,
      13.041,
      14.045,
      15.049,
      16.052,
      17.055,
      18.058,
      19.062,
      20.065,
      21.068,
      22.071,
      23.074,
      24.077,
      25.081,
      26.084,
      27.088,
      28.091,
      29.094
    ],
    "val": [
      13.5,
      16.0,
      12.8,
      10.8,
      12.0,
      12.2,
      12.7,
      12.2,
      13.8,
      11.5,
      11.7,
      14.2,
      14.2,
      12.6,
      10.2,
      14.0,
      13.4,
      12.9,
      11.6,
      13.5,
      13.5,
      13.0,
      12.0,
      13.4,
      16.7,
      13.0,
      11.6,
      12.5,
      9.3,
      10.3
    ]
  }
}