{
  "nuc2:pcks": {
    "time": [
      1.986,
      2.991,
      3.994,
      4.997,
      6.0,
      7.004,
      8.008,
      9.012,
      10.016,
      11.02,
      12.025,
      13.028,
      14.033,
      15.037,
      16.04,
      17.044,
      18.047,
      19.05,
      20.053,
      21.056,
      22.06,
      23.063,
      24.067,
      25.072,
      26.075,
      27.079,
      28.082,
      29.086,
      30.089,
      31.092
    ],
    "val": [
      14343.178592801572,
      27968.18568731416,
      28154.07373542241,
      27948.485192821994,
      28141.085757781348,
      28015.651685147728,
      27939.196649736976,
      28100.017110771732,
      27067.18870722298,
      29072.57051700825,
      27863.84500156256,
      28112.214802154347,
      28006.699277557946,
      27871.239874496117,
      28239.89343227876,
      28125.465699147004,
      28042.481311213556,
      27913.751143947917,
      28082.447949262696,
      28034.476807849434,
      28027.856154598572,
      28063.46214757117,
      27955.61589474147,
      28163.661666905595,
      27917.733677361615,
      28020.53977563425,
      28107.873038465576,
      28013.855073056202,
      28042.33373157574,
      28012.67679603751
    ]
  },
  "nuc2:mbps": {
    "time": [
      1.985,
      2.99,
      3.994,
      4.997,
      6.0,
      7.003,
      8.007,
      9.011,
      10.016,
      11.02,
      12.024,
      13.028,
      14.032,
      15.036,
      16.04,
      17.043,
      18.046,
      19.05,
      20.052,
      21.055,
      22.059,
      23.063,
      24.067,
      25.071,
      26.075,
      27.078,
      28.082,
      29.085,
      30.088,
      31.092
    ],
    "val": [
      160.64360023937763,
      310.8873351922689,
      312.9506021672522,
      310.66851687642327,
      312.80941758902617,
      311.4229285806565,
      310.5574591472626,
      312.36045944105825,
      300.875344751416,
      323.34450998337917,
      309.7232300000133,
      312.48841120250745,
      311.3795502486014,
      309.8152448648754,
      313.9556580729485,
      312.6438486891705,
      311.70529178758454,
      310.28871947561026,
      312.15131064084005,
      311.6243786098973,
      311.5507850497452,
      311.95832306223195,
      310.7417356519113,
      313.10070787308285,
      310.37562084104513,
      311.46945797294404,
      312.5548934315045,
      311.4501597806928,
      311.7117142498943,
      311.492357110604
    ]
  },
  "nuc2:power": {
    "time": [
      0.0,
      2.009,
      3.033,
      4.056,
      5.083,
      6.11,
      7.13,
      8.157,
      9.183,
      10.206,
      11.306,
      12.362,
      13.394,
      14.432,
      15.453,
      16.482,
      17.59,
      18.62,
      19.64,
      20.661,
      21.708,
      22.785,
      23.814,
      24.854,
      25.872,
      26.941,
      28.023,
      29.044,
      30.064,
      31.106
    ],
    "val": [
      10001.0,
      9794.0,
      11900.0,
      13084.0,
      13084.0,
      12483.0,
      12483.0,
      12389.0,
      13385.0,
      13385.0,
      12727.0,
      12690.0,
      12690.0,
      12370.0,
      12389.0,
      12389.0,
      11298.0,
      11298.0,
      10998.0,
      10998.0,
      11186.0,
      10960.0,
      10960.0,
      10904.0,
      10904.0,
      11919.0,
      11919.0,
      12314.0,
      13197.0,
      13197.0
    ]
  },
  "nuc2:cpu_perc": {
    "time": [
      1.982,
      2.988,
      3.993,
      4.996,
      5.999,
      7.003,
      8.006,
      9.01,
      10.014,
      11.019,
      12.023,
      13.027,
      14.031,
      15.035,
      16.039,
      17.043,
      18.046,
      19.049,
      20.051,
      21.055,
      22.058,
      23.062,
      24.065,
      25.07,
      26.074,
      27.077,
      28.081,
      29.084,
      30.087,
      31.091
    ],
    "val": [
      10.8,
      12.4,
      9.6,
      9.2,
      10.8,
      9.4,
      10.8,
      9.0,
      9.9,
      11.5,
      9.9,
      11.5,
      9.7,
      11.0,
      11.2,
      11.5,
      10.7,
      11.4,
      11.5,
      11.5,
      11.0,
      11.8,
      11.3,
      14.1,
      12.9,
      8.4,
      10.7,
      10.4,
      11.5,
      10.7
    ]
  }
}