{
  "nuc2:power": {
    "time": [
      0.048,
      1.071,
      2.106,
      3.133,
      4.244,
      5.264,
      6.321,
      7.347,
      8.37,
      9.464,
      10.513,
      11.54,
      12.796,
      13.815,
      14.839,
      15.883,
      16.916,
      17.936,
      19.02,
      20.053,
      21.071,
      22.094,
      23.119,
      24.142,
      25.168,
      26.194,
      27.215,
      28.236,
      29.266
    ],
    "val": [
      15735.0,
      16017.0,
      16017.0,
      16487.0,
      16468.0,
      16675.0,
      16074.0,
      16863.0,
      16863.0,
      16844.0,
      16130.0,
      16619.0,
      16920.0,
      15810.0,
      16581.0,
      16581.0,
      16130.0,
      14908.0,
      16337.0,
      16431.0,
      16431.0,
      15735.0,
      15980.0,
      16393.0,
      16168.0,
      16168.0,
      14927.0,
      16130.0,
      16149.0
    ]
  },
  "nuc2:pcks": {
    "time": [
      0.002,
      1.006,
      2.009,
      3.012,
      4.015,
      5.019,
      6.022,
      7.025,
      8.029,
      9.032,
      10.035,
      11.038,
      12.042,
      13.045,
      14.048,
      15.05,
      16.053,
      17.057,
      18.06,
      19.064,
      20.067,
      21.07,
      22.073,
      23.076,
      24.079,
      25.082,
      26.085,
      27.088,
      28.092,
      29.095
    ],
    "val": [
      60386.93541752365,
      56054.316759427435,
      56041.08500371548,
      54509.72259061321,
      57373.122995813515,
      56040.79210599939,
      55954.35799972632,
      56052.15469020616,
      55834.930054826065,
      56103.150190113614,
      55799.29092198531,
      56139.67349484654,
      55811.028266592635,
      56125.95275414683,
      56018.407681289435,
      56010.41860465116,
      56025.13392383743,
      55928.62484773797,
      56040.38889666389,
      55749.70098661842,
      56242.44819247328,
      55959.21596538653,
      55969.61417115745,
      55682.59228644637,
      56260.23198528844,
      55381.32084131037,
      56023.89869517179,
      56592.07392847172,
      55900.79787850345,
      56064.11646915803
    ]
  },
  "nuc2:mbps": {
    "time": [
      0.001,
      1.005,
      2.008,
      3.012,
      4.015,
      5.018,
      6.022,
      7.025,
      8.028,
      9.031,
      10.035,
      11.038,
      12.041,
      13.045,
      14.047,
      15.05,
      16.053,
      17.056,
      18.06,
      19.063,
      20.066,
      21.069,
      22.072,
      23.075,
      24.078,
      25.081,
      26.084,
      27.088,
      28.091,
      29.095
    ],
    "val": [
      672.772572827643,
      624.1692601789376,
      623.3465418994444,
      607.6913535078278,
      638.8552854100436,
      623.7063740945875,
      623.0116272939746,
      623.6070843215442,
      621.8245020458482,
      624.3034964763169,
      621.282464968869,
      625.5236598516715,
      621.5025825955066,
      624.767751766593,
      623.4771329389166,
      623.2757512197736,
      623.7019953481022,
      622.9563661850699,
      623.3916915385053,
      620.5169246832818,
      625.845133244839,
      623.4387925250114,
      623.326998272436,
      620.2578316009755,
      626.535546040879,
      616.3182410835816,
      623.5494828764473,
      629.9915612178125,
      622.2782097045274,
      623.9707952577857
    ]
  },
  "nuc2:cpu_perc": {
    "time": [
      0.0,
      1.004,
      2.008,
      3.011,
      4.014,
      5.017,
      6.021,
      7.024,
      8.027,
      9.031,
      10.034,
      11.037,
      12.04,
      13.043,
      14.047,
      15.049,
      16.052,
      17.055,
      18.059,
      19.062,
      20.066,
      21.069,
      22.071,
      23.075,
      24.077,
      25.081,
      26.084,
      27.087,
      28.09,
      29.094
    ],
    "val": [
      15.1,
      13.5,
      15.3,
      13.9,
      19.1,
      18.1,
      16.7,
      17.8,
      18.1,
      17.6,
      14.6,
      17.5,
      18.9,
      15.4,
      19.0,
      18.3,
      16.7,
      18.1,
      18.3,
      15.3,
      14.9,
      16.4,
      15.4,
      15.6,
      15.2,
      14.8,
      17.2,
      14.3,
      13.9,
      14.9
    ]
  }
}