{
  "nuc2:power": {
    "time": [
      0.02,
      1.04,
      2.072,
      3.095,
      4.121,
      5.146,
      6.17,
      7.194,
      8.218,
      9.239,
      10.261,
      11.28,
      12.303,
      13.325,
      14.346,
      15.37,
      16.404,
      17.439,
      18.519,
      19.605,
      20.668,
      21.689,
      22.711,
      23.736,
      24.759,
      25.788,
      26.808,
      27.834,
      28.856,
      29.974
    ],
    "val": [
      9550.0,
      10622.0,
      10622.0,
      10753.0,
      10753.0,
      10622.0,
      10622.0,
      10697.0,
      10697.0,
      10528.0,
      10528.0,
      10659.0,
      10622.0,
      10622.0,
      10678.0,
      10678.0,
      10603.0,
      10603.0,
      10490.0,
      10490.0,
      10603.0,
      10603.0,
      10716.0,
      10716.0,
      10622.0,
      10452.0,
      10452.0,
      10772.0,
      10772.0,
      10509.0
    ]
  },
  "nuc2:pcks": {
    "time": [
      0.004,
      1.01,
      2.016,
      3.021,
      4.026,
      5.031,
      6.036,
      7.041,
      8.045,
      9.05,
      10.054,
      11.059,
      12.064,
      13.068,
      14.073,
      15.078,
      16.083,
      17.087,
      18.091,
      19.095,
      20.099,
      21.102,
      22.106,
      23.111,
      24.115,
      25.12,
      26.125,
      27.128,
      28.131,
      29.135
    ],
    "val": [
      24498.06452929324,
      18699.32334916559,
      18684.62031623087,
      18683.570947702374,
      18696.021564406205,
      18726.219775802703,
      18656.70773588145,
      18691.905889479047,
      18719.850820631807,
      18659.906554767433,
      18719.898241681698,
      18714.189326816107,
      18644.93956950754,
      18720.573948142224,
      18694.86740886941,
      18666.296128795108,
      18717.86551507082,
      18650.571598523675,
      18721.65630161798,
      18658.803112740614,
      18736.541079541297,
      18653.008272434865,
      18735.227121920667,
      18643.51825494646,
      18743.76976805661,
      18642.032413733854,
      18704.092624685436,
      18745.27901859516,
      18672.230974519483,
      18662.237414528438
    ]
  },
  "nuc2:mbps": {
    "time": [
      0.003,
      1.009,
      2.015,
      3.021,
      4.025,
      5.03,
      6.035,
      7.04,
      8.044,
      9.049,
      10.053,
      11.058,
      12.063,
      13.068,
      14.072,
      15.077,
      16.082,
      17.086,
      18.091,
      19.094,
      20.098,
      21.102,
      22.105,
      23.11,
      24.114,
      25.119,
      26.124,
      27.127,
      28.13,
      29.135
    ],
    "val": [
      272.61189459922974,
      207.85852092096752,
      207.69156941057858,
      207.67906581096045,
      207.8183855414186,
      208.1560730148165,
      207.38674580159713,
      207.77129355459613,
      208.09223941501907,
      207.41223926976252,
      208.08555290569763,
      208.02972284826453,
      207.24520147576746,
      208.0933153771943,
      207.81276728830562,
      207.484777672624,
      208.0632090984623,
      207.3158576467405,
      208.10467568819038,
      207.40702174052478,
      208.2704664716133,
      207.3422718727274,
      208.26299715624245,
      207.22999264601336,
      208.35115443075364,
      207.22110549723826,
      207.91991743384241,
      208.3679308901278,
      207.5559467214995,
      207.44670645306962
    ]
  },
  "nuc2:cpu_perc": {
    "time": [
      0.0,
      1.008,
      2.013,
      3.018,
      4.024,
      5.029,
      6.034,
      7.039,
      8.043,
      9.047,
      10.052,
      11.057,
      12.061,
      13.066,
      14.071,
      15.076,
      16.081,
      17.085,
      18.09,
      19.093,
      20.097,
      21.101,
      22.104,
      23.109,
      24.113,
      25.117,
      26.123,
      27.126,
      28.129,
      29.133
    ],
    "val": [
      11.9,
      15.5,
      15.2,
      15.7,
      16.4,
      16.4,
      18.1,
      18.2,
      16.0,
      14.9,
      16.8,
      15.3,
      15.3,
      15.7,
      14.7,
      14.2,
      14.5,
      13.8,
      13.2,
      10.2,
      15.1,
      13.5,
      13.1,
      10.5,
      11.3,
      11.6,
      11.1,
      11.6,
      8.3,
      12.3
    ]
  }
}