{
  "nuc2:power": {
    "time": [
      0.018,
      1.06,
      2.202,
      3.225,
      4.266,
      5.285,
      6.309,
      7.337,
      8.365,
      9.396,
      10.415,
      11.438,
      12.463,
      13.487,
      14.536,
      15.561,
      16.628,
      17.7,
      18.735,
      19.758,
      21.007,
      22.038,
      23.078,
      24.115,
      25.132,
      26.163,
      27.24,
      28.391,
      29.423
    ],
    "val": [
      15058.0,
      15058.0,
      15134.0,
      16130.0,
      15416.0,
      15416.0,
      15641.0,
      15265.0,
      15942.0,
      16074.0,
      16074.0,
      16318.0,
      16168.0,
      15923.0,
      15547.0,
      15547.0,
      16168.0,
      15322.0,
      14419.0,
      14419.0,
      15660.0,
      15980.0,
      15585.0,
      15453.0,
      15829.0,
      15829.0,
      15829.0,
      15434.0,
      16092.0
    ]
  },
  "nuc2:pcks": {
    "time": [
      0.001,
      1.004,
      2.008,
      3.011,
      4.014,
      5.017,
      6.02,
      7.023,
      8.027,
      9.031,
      10.034,
      11.038,
      12.04,
      13.044,
      14.047,
      15.05,
      16.053,
      17.056,
      18.06,
      19.063,
      20.066,
      21.069,
      22.072,
      23.075,
      24.078,
      25.081,
      26.083,
      27.086,
      28.089,
      29.092
    ],
    "val": [
      84243.93032349805,
      56070.33823198333,
      55998.57060096937,
      56060.79670746689,
      56194.12123759655,
      56005.90993975209,
      56109.79960271561,
      56015.26438210569,
      56049.652899109504,
      56164.51069630449,
      55394.68536945015,
      56714.49823663442,
      56029.1895052965,
      56045.8784811991,
      56131.20456334493,
      55649.338759997045,
      56395.359187214424,
      56173.45173672134,
      54924.741865896154,
      57275.2413701607,
      55966.452916493865,
      56050.33287072771,
      56165.2649510551,
      55981.36580829389,
      56172.72615678353,
      53348.738199449064,
      58627.60579496513,
      56144.35555995185,
      55868.6779154428,
      56267.15669283292
    ]
  },
  "nuc2:mbps": {
    "time": [
      0.001,
      1.004,
      2.007,
      3.01,
      4.013,
      5.016,
      6.019,
      7.023,
      8.027,
      9.03,
      10.034,
      11.037,
      12.04,
      13.043,
      14.046,
      15.049,
      16.052,
      17.056,
      18.059,
      19.062,
      20.065,
      21.069,
      22.072,
      23.074,
      24.077,
      25.08,
      26.083,
      27.086,
      28.089,
      29.092
    ],
    "val": [
      943.5320196231781,
      623.3187539385408,
      622.9366659276734,
      623.187475907887,
      624.632024999709,
      622.558141744637,
      623.7420249623327,
      622.6587622993881,
      623.0736565338985,
      624.306581901744,
      615.7850735812145,
      630.579667167895,
      622.8763162373784,
      623.1424386622484,
      624.0395753872036,
      618.7752232109913,
      626.9738696123079,
      624.404958993173,
      610.6185203947091,
      636.821894429505,
      622.1862314410009,
      623.0567201932754,
      624.3981333559186,
      622.365458433667,
      624.4634188240984,
      593.089127533183,
      652.2405627795786,
      624.1360614070427,
      621.0284219565092,
      625.6833023324668
    ]
  },
  "nuc2:cpu_perc": {
    "time": [
      0.0,
      1.003,
      2.006,
      3.01,
      4.013,
      5.016,
      6.019,
      7.022,
      8.026,
      9.029,
      10.033,
      11.036,
      12.039,
      13.042,
      14.046,
      15.049,
      16.052,
      17.055,
      18.059,
      19.062,
      20.065,
      21.068,
      22.071,
      23.074,
      24.077,
      25.08,
      26.082,
      27.085,
      28.088,
      29.091
    ],
    "val": [
      14.4,
      13.4,
      14.1,
      13.5,
      13.5,
      14.3,
      13.6,
      16.9,
      18.7,
      18.1,
      17.3,
      17.8,
      14.2,
      15.5,
      15.9,
      16.1,
      14.1,
      16.5,
      14.7,
      13.9,
      15.9,
      13.3,
      12.8,
      13.8,
      15.3,
      14.1,
      15.3,
      13.0,
      14.2,
      15.7
    ]
  }
}