{
  "nuc2:power": {
    "time": [
      0.032,
      1.056,
      2.074,
      3.099,
      4.125,
      5.148,
      6.173,
      7.195,
      8.221,
      9.243,
      10.307,
      11.336,
      12.382,
      13.471,
      14.494,
      15.514,
      16.541,
      17.565,
      18.586,
      19.611,
      20.633,
      21.656,
      23.681,
      24.706,
      25.726,
      26.813,
      27.929,
      28.962,
      29.987
    ],
    "val": [
      13160.0,
      13968.0,
      13968.0,
      13780.0,
      12690.0,
      12690.0,
      14024.0,
      13348.0,
      13348.0,
      13987.0,
      11599.0,
      11599.0,
      11656.0,
      11656.0,
      11336.0,
      11092.0,
      11092.0,
      11374.0,
      11374.0,
      11430.0,
      11430.0,
      11411.0,
      11580.0,
      11016.0,
      11016.0,
      11486.0,
      11486.0,
      11355.0,
      11449.0
    ]
  },
  "nuc2:pcks": {
    "time": [
      0.001,
      1.006,
      2.01,
      3.013,
      4.017,
      5.02,
      6.023,
      7.027,
      8.031,
      9.035,
      10.038,
      11.042,
      12.046,
      13.05,
      14.054,
      15.058,
      16.061,
      17.065,
      18.069,
      19.073,
      20.077,
      21.082,
      22.088,
      23.093,
      24.097,
      25.101,
      26.105,
      27.108,
      28.112,
      29.117
    ],
    "val": [
      33714.37928778391,
      27857.366077178664,
      28167.238958321068,
      28023.07129486217,
      28029.90304937539,
      28036.419452013037,
      27977.771948831993,
      28065.670309124383,
      28069.39299107057,
      27840.94183606224,
      28211.69426373802,
      28023.435246831392,
      28018.43011946351,
      28080.5253615204,
      28044.78809305719,
      28024.515917175955,
      28013.519910618135,
      28034.450324815814,
      28089.85664896769,
      28021.279208107953,
      28014.28493836425,
      28039.54195400907,
      28026.16247915299,
      28066.268926140117,
      28034.922244540365,
      28006.212078145418,
      28049.459506552445,
      28088.51632680502,
      28012.502155867383,
      27999.78567243948
    ]
  },
  "nuc2:mbps": {
    "time": [
      0.001,
      1.005,
      2.009,
      3.013,
      4.016,
      5.019,
      6.023,
      7.026,
      8.031,
      9.034,
      10.038,
      11.041,
      12.045,
      13.049,
      14.053,
      15.057,
      16.061,
      17.065,
      18.069,
      19.073,
      20.077,
      21.081,
      22.086,
      23.092,
      24.096,
      25.1,
      26.104,
      27.107,
      28.112,
      29.117
    ],
    "val": [
      374.36446761155247,
      309.76634111244726,
      313.2288095025305,
      311.50825869849774,
      311.73466692381527,
      311.6447963090529,
      311.1269669219289,
      312.0312953086741,
      312.15730167002255,
      309.5606472842154,
      313.65919759608533,
      311.50164332167645,
      311.4460075516006,
      312.1418649453711,
      311.7414298696448,
      311.50559803265526,
      311.3914268725755,
      311.6255947365712,
      312.2568356968632,
      311.46995729685005,
      311.3999307336476,
      311.6832822316413,
      311.5349767560099,
      311.9781908072582,
      311.6232895679986,
      311.3112010003966,
      311.79276951886453,
      312.2222146534514,
      311.38011376001225,
      311.23943118850406
    ]
  },
  "nuc2:cpu_perc": {
    "time": [
      0.0,
      1.004,
      2.008,
      3.012,
      4.015,
      5.018,
      6.022,
      7.025,
      8.03,
      9.033,
      10.037,
      11.04,
      12.044,
      13.048,
      14.052,
      15.056,
      16.06,
      17.063,
      18.068,
      19.072,
      20.076,
      21.08,
      22.084,
      23.091,
      24.095,
      25.099,
      26.103,
      27.107,
      28.11,
      29.115
    ],
    "val": [
      11.0,
      11.7,
      12.6,
      9.2,
      13.3,
      9.3,
      13.4,
      13.1,
      12.9,
      12.8,
      16.4,
      12.1,
      12.5,
      14.6,
      13.5,
      14.4,
      15.9,
      15.4,
      15.1,
      16.3,
      16.0,
      16.7,
      14.5,
      16.5,
      18.4,
      17.0,
      15.2,
      12.0,
      15.0,
      10.3
    ]
  }
}