{
  "nuc2:power": {
    "time": [
      0.029,
      1.062,
      2.108,
      3.145,
      4.182,
      5.216,
      6.241,
      7.274,
      8.31,
      9.346,
      10.397,
      11.431,
      12.472,
      13.503,
      14.617,
      15.646,
      16.668,
      17.696,
      18.725,
      19.751,
      20.791,
      21.888,
      22.915,
      23.941,
      25.024,
      26.058,
      27.176,
      28.216,
      29.282
    ],
    "val": [
      9174.0,
      10246.0,
      10246.0,
      9700.0,
      9700.0,
      9870.0,
      9870.0,
      9794.0,
      9794.0,
      10001.0,
      10001.0,
      10020.0,
      10020.0,
      9964.0,
      9964.0,
      9832.0,
      9832.0,
      10246.0,
      10246.0,
      10114.0,
      10114.0,
      10152.0,
      10152.0,
      10020.0,
      10020.0,
      10170.0,
      10246.0,
      10246.0,
      10340.0
    ]
  },
  "nuc2:pcks": {
    "time": [
      0.004,
      1.009,
      2.014,
      3.02,
      4.025,
      5.03,
      6.034,
      7.04,
      8.045,
      9.05,
      10.056,
      11.062,
      12.067,
      13.073,
      14.079,
      15.084,
      16.089,
      17.094,
      18.099,
      19.104,
      20.109,
      21.113,
      22.117,
      23.122,
      24.128,
      25.133,
      26.137,
      27.142,
      28.148,
      29.152
    ],
    "val": [
      0.0,
      18759.927375177864,
      18684.275717056396,
      18658.27751552901,
      18650.493932702266,
      18736.98500636144,
      18651.336521825975,
      18758.959144886234,
      18721.236698515655,
      18648.064321396316,
      18634.571689085486,
      18766.051701371543,
      18623.780214715855,
      18741.94129683766,
      18685.683167025927,
      18710.534479104284,
      18647.09337085763,
      18687.995385527596,
      18667.1367094374,
      18785.525423712726,
      18656.284983558988,
      18701.947474141325,
      18635.80106669098,
      18730.942920750236,
      18655.012685661837,
      18762.734354890872,
      18647.076760355438,
      18736.72981107295,
      18621.424252160745,
      18714.138818831914
    ]
  },
  "nuc2:mbps": {
    "time": [
      0.003,
      1.008,
      2.013,
      3.019,
      4.024,
      5.029,
      6.034,
      7.039,
      8.044,
      9.049,
      10.055,
      11.061,
      12.066,
      13.072,
      14.077,
      15.083,
      16.089,
      17.093,
      18.098,
      19.103,
      20.108,
      21.112,
      22.117,
      23.121,
      24.127,
      25.132,
      26.137,
      27.141,
      28.147,
      29.152
    ],
    "val": [
      0.0,
      208.5360323883887,
      207.6867317915384,
      207.40427898360946,
      207.30870833521888,
      208.27665894452565,
      207.32595234901635,
      208.52259521593245,
      208.10118511140396,
      207.28102908886612,
      207.1391782881826,
      208.60419407726104,
      207.0101759672886,
      208.33275724242432,
      207.70355143112366,
      207.98171909801405,
      207.2790370194401,
      207.7286658915618,
      207.50267359113204,
      208.8119460736345,
      207.38137735370415,
      207.883583993042,
      207.15888671741808,
      208.2006927901143,
      207.36748560397027,
      208.56623287950433,
      207.26912565186817,
      208.27289999299438,
      206.99161057749117,
      208.02136500020092
    ]
  },
  "nuc2:cpu_perc": {
    "time": [
      0.0,
      1.007,
      2.011,
      3.017,
      4.022,
      5.027,
      6.032,
      7.037,
      8.043,
      9.047,
      10.053,
      11.059,
      12.065,
      13.07,
      14.076,
      15.081,
      16.087,
      17.092,
      18.097,
      19.102,
      20.107,
      21.111,
      22.115,
      23.12,
      24.125,
      25.131,
      26.135,
      27.14,
      28.145,
      29.15
    ],
    "val": [
      12.1,
      12.3,
      12.3,
      11.8,
      12.6,
      14.9,
      14.6,
      13.5,
      15.9,
      12.8,
      12.5,
      14.6,
      13.7,
      12.3,
      13.4,
      15.9,
      14.7,
      12.5,
      12.3,
      12.4,
      12.4,
      10.9,
      12.2,
      12.4,
      10.7,
      16.0,
      12.2,
      12.3,
      12.8,
      11.8
    ]
  }
}