{
  "nuc2:power": {
    "time": [
      0.03,
      1.068,
      2.091,
      3.115,
      4.14,
      5.162,
      6.375,
      7.501,
      8.522,
      9.549,
      10.596,
      11.635,
      12.681,
      13.703,
      14.727,
      15.75,
      16.972,
      18.017,
      19.038,
      20.057,
      21.145,
      22.219,
      23.254,
      24.277,
      25.302,
      26.326,
      27.349,
      28.374,
      29.397
    ],
    "val": [
      15735.0,
      16356.0,
      16299.0,
      16299.0,
      15416.0,
      15998.0,
      16844.0,
      15848.0,
      16769.0,
      16412.0,
      16412.0,
      16017.0,
      16920.0,
      16732.0,
      16581.0,
      16431.0,
      16431.0,
      16205.0,
      17126.0,
      16675.0,
      16675.0,
      16638.0,
      16995.0,
      16995.0,
      15998.0,
      15434.0,
      16750.0,
      15904.0,
      15904.0
    ]
  },
  "nuc2:pcks": {
    "time": [
      0.001,
      1.004,
      2.007,
      3.01,
      4.014,
      5.017,
      6.02,
      7.023,
      8.026,
      9.028,
      10.031,
      11.034,
      12.037,
      13.041,
      14.044,
      15.046,
      16.05,
      17.053,
      18.057,
      19.061,
      20.064,
      21.068,
      22.07,
      23.074,
      24.077,
      25.081,
      26.085,
      27.087,
      28.09,
      29.093
    ],
    "val": [
      70284.62984459838,
      56045.24841636413,
      55990.049107605584,
      56033.86696303234,
      56040.66806205169,
      56007.27359148346,
      56056.77267275276,
      56014.790199652816,
      55944.84862355329,
      56038.67411688712,
      56004.01394947808,
      56015.38196582718,
      55915.638219719556,
      56074.4464020396,
      55991.605531048604,
      55982.70168788759,
      56039.498826817326,
      56004.1579898355,
      56012.512320536574,
      56045.08864592702,
      55990.90894318137,
      56020.87486114045,
      56014.20787267993,
      55979.88765293873,
      55957.55162315592,
      56071.37691625334,
      55996.0963766126,
      56018.27440416902,
      55974.210651409834,
      55672.17689657951
    ]
  },
  "nuc2:mbps": {
    "time": [
      0.001,
      1.004,
      2.007,
      3.01,
      4.013,
      5.017,
      6.019,
      7.022,
      8.025,
      9.028,
      10.031,
      11.034,
      12.037,
      13.04,
      14.044,
      15.046,
      16.049,
      17.053,
      18.056,
      19.06,
      20.064,
      21.067,
      22.07,
      23.073,
      24.077,
      25.08,
      26.084,
      27.087,
      28.09,
      29.093
    ],
    "val": [
      780.7043916450103,
      623.140818326974,
      623.0969915648269,
      623.4455208073914,
      623.3503530960786,
      623.1827549126735,
      623.5842409424293,
      623.1426522312616,
      623.050243154647,
      623.69264153282,
      623.0348442876316,
      623.6156047808538,
      622.3960646981003,
      624.1213790423044,
      622.7926525695223,
      623.3003641115196,
      623.5315067796743,
      623.2682650080858,
      623.4427989399352,
      623.4264403658092,
      623.2464360976885,
      623.4630686544766,
      623.440233594833,
      623.1529942045636,
      622.9383522852,
      623.7850077730405,
      622.9478391461906,
      623.3497301854112,
      623.486366555994,
      620.1444764164432
    ]
  },
  "nuc2:cpu_perc": {
    "time": [
      0.0,
      1.003,
      2.006,
      3.009,
      4.012,
      5.016,
      6.019,
      7.022,
      8.024,
      9.027,
      10.03,
      11.033,
      12.036,
      13.039,
      14.043,
      15.045,
      16.048,
      17.052,
      18.055,
      19.059,
      20.063,
      21.066,
      22.069,
      23.072,
      24.076,
      25.08,
      26.083,
      27.086,
      28.089,
      29.092
    ],
    "val": [
      14.5,
      17.9,
      17.0,
      13.7,
      14.9,
      17.1,
      15.4,
      16.4,
      16.5,
      16.5,
      13.7,
      14.0,
      16.5,
      18.1,
      17.7,
      16.1,
      15.5,
      16.4,
      15.5,
      16.4,
      16.7,
      15.9,
      15.3,
      16.1,
      14.9,
      15.0,
      17.3,
      17.2,
      15.2,
      18.6
    ]
  }
}