{
  "nuc2:power": {
    "time": [
      0.04,
      1.096,
      2.15,
      3.179,
      4.266,
      5.295,
      6.344,
      7.439,
      8.464,
      9.771,
      10.855,
      11.918,
      12.975,
      14.07,
      15.102,
      16.144,
      17.173,
      18.199,
      19.23,
      20.257,
      21.279,
      22.305,
      23.334,
      24.369,
      25.481,
      26.512,
      27.546,
      28.581,
      29.603
    ],
    "val": [
      17145.0,
      17352.0,
      17220.0,
      17521.0,
      17521.0,
      17390.0,
      17578.0,
      17390.0,
      17559.0,
      17446.0,
      17709.0,
      17747.0,
      17784.0,
      17766.0,
      17653.0,
      17803.0,
      17803.0,
      17596.0,
      17408.0,
      17559.0,
      17822.0,
      17446.0,
      17690.0,
      17559.0,
      17690.0,
      17653.0,
      17653.0,
      17784.0,
      17690.0
    ]
  },
  "nuc2:pcks": {
    "time": [
      0.001,
      1.005,
      2.008,
      3.011,
      4.015,
      5.018,
      6.021,
      7.025,
      8.028,
      9.031,
      10.034,
      11.037,
      12.04,
      13.043,
      14.047,
      15.049,
      16.052,
      17.055,
      18.058,
      19.061,
      20.065,
      21.069,
      22.072,
      23.074,
      24.077,
      25.08,
      26.083,
      27.086,
      28.089,
      29.092
    ],
    "val": [
      86895.22961826203,
      74704.13929520274,
      74550.14427328817,
      73657.49812573123,
      75831.00210227526,
      74123.74397663664,
      75236.14605777337,
      72962.64629683808,
      75853.04973515411,
      75376.38453375758,
      74567.60655893566,
      74008.53851662502,
      75278.71492674269,
      74528.76063582202,
      74964.04039666572,
      74901.15348384579,
      74784.18427423245,
      74624.03736345026,
      74677.45540534952,
      74482.71233369641,
      75122.44268721745,
      74652.35483811177,
      74847.16313186719,
      74739.46691041735,
      74830.48163718377,
      74660.26433171464,
      74397.23679134724,
      75107.30557701184,
      74782.92810749663,
      74734.31876674877
    ]
  },
  "nuc2:mbps": {
    "time": [
      0.001,
      1.004,
      2.007,
      3.011,
      4.014,
      5.018,
      6.021,
      7.024,
      8.028,
      9.031,
      10.034,
      11.037,
      12.04,
      13.043,
      14.046,
      15.048,
      16.051,
      17.055,
      18.058,
      19.061,
      20.064,
      21.068,
      22.071,
      23.074,
      24.077,
      25.079,
      26.082,
      27.085,
      28.088,
      29.091
    ],
    "val": [
      966.5839141714944,
      830.5152482619346,
      829.2293587000067,
      819.3209612297447,
      843.5795648253953,
      824.6954543723534,
      837.6468862443693,
      811.8872348546482,
      844.1722391806876,
      838.6650329249858,
      829.1561984107215,
      823.46900980474,
      837.3059255234542,
      829.0952360807934,
      833.8838169120061,
      833.468132405937,
      831.6525384663581,
      830.1481325713938,
      830.4422994866158,
      828.1675962356253,
      835.3454766166432,
      830.0719769991251,
      832.1214731533022,
      830.8019045362439,
      831.9634337298264,
      830.1933143058945,
      827.2410240309446,
      835.0682558871506,
      831.3160161901371,
      830.8889000573041
    ]
  },
  "nuc2:cpu_perc": {
    "time": [
      0.0,
      1.003,
      2.007,
      3.01,
      4.014,
      5.017,
      6.02,
      7.023,
      8.027,
      9.03,
      10.033,
      11.036,
      12.039,
      13.042,
      14.045,
      15.048,
      16.051,
      17.054,
      18.057,
      19.06,
      20.064,
      21.067,
      22.07,
      23.074,
      24.076,
      25.079,
      26.082,
      27.085,
      28.088,
      29.09
    ],
    "val": [
      17.9,
      18.8,
      19.2,
      19.0,
      20.1,
      19.6,
      19.3,
      19.2,
      19.0,
      18.0,
      18.2,
      17.3,
      20.2,
      20.1,
      19.2,
      18.9,
      19.7,
      18.7,
      19.4,
      19.6,
      20.1,
      18.7,
      19.4,
      18.6,
      19.3,
      19.8,
      18.2,
      19.8,
      19.9,
      19.2
    ]
  }
}