{
  "nuc2:power": {
    "time": [
      0.017,
      1.041,
      2.07,
      3.095,
      4.114,
      5.135,
      6.163,
      7.188,
      8.206,
      9.233,
      10.259,
      11.282,
      12.303,
      13.336,
      14.357,
      15.38,
      16.405,
      17.426,
      18.448,
      19.515,
      20.536,
      21.558,
      22.581,
      23.635,
      24.66,
      25.683,
      26.708,
      27.73,
      28.748,
      29.769
    ],
    "val": [
      12934.0,
      13987.0,
      15265.0,
      12746.0,
      12746.0,
      13066.0,
      13066.0,
      14570.0,
      15585.0,
      16074.0,
      15265.0,
      15265.0,
      15792.0,
      15698.0,
      14701.0,
      14701.0,
      15209.0,
      15303.0,
      15434.0,
      15434.0,
      15134.0,
      15378.0,
      14476.0,
      14476.0,
      15961.0,
      15171.0,
      14607.0,
      14607.0,
      16149.0,
      15322.0
    ]
  },
  "nuc2:pcks": {
    "time": [
      0.001,
      1.004,
      2.007,
      3.01,
      4.012,
      5.015,
      6.018,
      7.021,
      8.025,
      9.029,
      10.032,
      11.036,
      12.039,
      13.042,
      14.046,
      15.048,
      16.051,
      17.054,
      18.058,
      19.061,
      20.064,
      21.066,
      22.069,
      23.073,
      24.076,
      25.079,
      26.082,
      27.086,
      28.089,
      29.092
    ],
    "val": [
      53028.01658743805,
      46707.44019434375,
      46723.780535257945,
      46790.656079855675,
      46657.41799405032,
      46781.81986411036,
      46712.603873134794,
      46697.03748964537,
      46673.953457341915,
      46796.20358543888,
      46726.3053162483,
      46705.317547109225,
      46747.13576579371,
      46729.507609105356,
      46696.51750992451,
      46757.32572878446,
      46682.49633622303,
      46719.46950753987,
      46731.431705454524,
      46727.05283825585,
      46737.16740026097,
      46716.04360189438,
      46704.51066100185,
      46697.46928829538,
      46740.57082021852,
      46723.40465833651,
      46720.05137599853,
      46154.320095354145,
      47247.859606223945,
      46691.8880603188
    ]
  },
  "nuc2:mbps": {
    "time": [
      0.001,
      1.003,
      2.007,
      3.009,
      4.012,
      5.015,
      6.018,
      7.021,
      8.024,
      9.028,
      10.031,
      11.035,
      12.038,
      13.042,
      14.045,
      15.048,
      16.051,
      17.054,
      18.057,
      19.061,
      20.063,
      21.066,
      22.069,
      23.072,
      24.076,
      25.079,
      26.082,
      27.085,
      28.088,
      29.091
    ],
    "val": [
      586.9089969001719,
      519.1884666435428,
      519.3718656832841,
      520.1117098192158,
      518.6415952521988,
      520.0060993325013,
      519.2458648324097,
      519.1963878842411,
      518.9231132074291,
      520.1779921245615,
      519.3937172315251,
      519.16537572511,
      519.6366784203958,
      519.4284721180496,
      519.2440078971115,
      519.785090268137,
      518.9565374169022,
      519.688167653893,
      519.468756059385,
      519.5745370802066,
      519.638971733593,
      519.4591754624199,
      519.273277064366,
      519.3017249523987,
      519.6958434797211,
      519.5045304188699,
      519.6023246150377,
      513.175864357154,
      525.2664429101153,
      519.1974446453846
    ]
  },
  "nuc2:cpu_perc": {
    "time": [
      0.0,
      1.003,
      2.006,
      3.009,
      4.011,
      5.014,
      6.017,
      7.02,
      8.023,
      9.027,
      10.031,
      11.034,
      12.038,
      13.041,
      14.044,
      15.047,
      16.05,
      17.053,
      18.056,
      19.06,
      20.063,
      21.065,
      22.068,
      23.071,
      24.075,
      25.078,
      26.081,
      27.084,
      28.087,
      29.09
    ],
    "val": [
      15.0,
      13.5,
      12.0,
      14.2,
      14.6,
      12.7,
      10.7,
      16.0,
      15.0,
      15.9,
      15.1,
      15.5,
      13.8,
      16.4,
      15.8,
      15.9,
      15.4,
      14.1,
      14.5,
      16.0,
      14.5,
      16.1,
      15.0,
      16.6,
      13.8,
      14.5,
      13.8,
      14.8,
      14.8,
      14.6
    ]
  }
}