{
  "nuc2:power": {
    "time": [
      0.027,
      1.051,
      2.072,
      3.092,
      4.117
    ],
    "val": [
      9324.0,
      9324.0,
      9531.0,
      9531.0,
      9475.0
    ]
  },
  "nuc2:pcks": {
    "time": [
      0.005,
      1.01,
      2.015,
      3.019,
      4.024,
      5.029,
      6.035,
      7.04,
      8.046,
      9.052,
      10.059,
      11.064,
      12.069,
      13.073,
      14.079,
      15.084,
      16.089,
      17.095,
      18.1,
      19.106,
      20.109,
      21.118,
      22.125,
      23.131,
      24.135,
      25.142,
      26.149,
      27.155,
      28.164,
      29.173
    ],
    "val": [
      14586.14107805818,
      9389.010215826316,
      9361.805938790036,
      9325.003658339137,
      9336.867908884611,
      9285.840664867672,
      9356.025845954244,
      9328.16726060494,
      9330.133271896522,
      9351.641137646053,
      9350.941985550831,
      9353.227154405948,
      9361.486115776828,
      9362.47230692576,
      9364.856460241972,
      9360.588951187367,
      9358.681937488482,
      9355.710854091261,
      9359.319002305438,
      9316.868784093956,
      9404.943316600857,
      9319.739885227884,
      9317.46735305216,
      9362.942147820666,
      9359.303779963597,
      9285.276537512354,
      9373.167854526691,
      9318.326156481957,
      9333.603589463515,
      9375.200999648214
    ]
  },
  "nuc2:mbps": {
    "time": [
      0.004,
      1.009,
      2.014,
      3.018,
      4.023,
      5.028,
      6.034,
      7.039,
      8.045,
      9.051,
      10.058,
      11.063,
      12.068,
      13.073,
      14.078,
      15.083,
      16.088,
      17.094,
      18.099,
      19.105,
      20.108,
      21.117,
      22.124,
      23.13,
      24.135,
      25.141,
      26.148,
      27.154,
      28.163,
      29.171
    ],
    "val": [
      162.55110993411344,
      104.3617558058799,
      104.06354212842135,
      103.667291412362,
      103.78407318373405,
      103.21292879012213,
      103.99929203199162,
      103.68727699737434,
      103.70955021496863,
      103.95046893911523,
      103.94278108477434,
      103.9681824621346,
      104.05998705413053,
      104.07094931342586,
      104.09745097781459,
      104.05001439226785,
      104.02881649501482,
      103.99579065958358,
      104.03589795150423,
      103.57734928527145,
      104.52970852569224,
      103.60222061047325,
      103.57687519025134,
      104.07751113498969,
      104.02760014994918,
      103.21462051947374,
      104.19268184684073,
      103.57772025140363,
      103.74938252129748,
      104.21686283251522
    ]
  },
  "nuc2:cpu_perc": {
    "time": [
      0.0,
      1.008,
      2.013,
      3.017,
      4.021,
      5.027,
      6.032,
      7.038,
      8.044,
      9.05,
      10.056,
      11.062,
      12.067,
      13.072,
      14.076,
      15.081,
      16.087,
      17.092,
      18.097,
      19.103,
      20.108,
      21.114,
      22.122,
      23.128,
      24.134,
      25.138,
      26.146,
      27.152,
      28.159,
      29.168
    ],
    "val": [
      9.9,
      13.1,
      12.2,
      12.3,
      12.5,
      14.2,
      14.5,
      15.1,
      14.7,
      14.3,
      12.9,
      14.5,
      13.1,
      14.9,
      11.7,
      12.6,
      10.5,
      12.0,
      12.2,
      12.4,
      11.7,
      11.2,
      9.9,
      13.1,
      11.6,
      11.5,
      12.1,
      11.0,
      14.2,
      13.3
    ]
  }
}