{
  "nuc2:power": {
    "time": [
      0.017,
      1.04,
      2.079,
      3.102,
      4.122,
      5.161,
      6.198,
      7.285,
      8.304,
      9.399,
      10.463,
      11.485,
      12.506,
      13.533,
      14.555,
      15.582,
      16.604,
      17.622,
      18.668,
      19.83,
      20.889,
      21.918,
      22.943,
      23.962,
      24.989,
      26.015,
      27.035,
      28.057,
      29.077
    ],
    "val": [
      13141.0,
      15340.0,
      14438.0,
      14438.0,
      14776.0,
      15904.0,
      15416.0,
      15528.0,
      15528.0,
      15152.0,
      14306.0,
      14288.0,
      14288.0,
      14626.0,
      14494.0,
      14325.0,
      14325.0,
      14833.0,
      15604.0,
      15397.0,
      15397.0,
      15735.0,
      15566.0,
      14043.0,
      14043.0,
      13742.0,
      12915.0,
      12915.0,
      14288.0
    ]
  },
  "nuc2:pcks": {
    "time": [
      0.001,
      1.005,
      2.008,
      3.01,
      4.013,
      5.016,
      6.019,
      7.022,
      8.025,
      9.028,
      10.031,
      11.034,
      12.037,
      13.041,
      14.044,
      15.047,
      16.05,
      17.053,
      18.056,
      19.06,
      20.063,
      21.067,
      22.07,
      23.073,
      24.076,
      25.079,
      26.082,
      27.084,
      28.087,
      29.09
    ],
    "val": [
      74997.73461981057,
      46702.09370625182,
      46607.05279304384,
      45798.43597290671,
      47763.57693687986,
      46771.21598279841,
      46401.032590785355,
      47022.81624262386,
      46632.79602542481,
      44257.301258141415,
      49197.89408129026,
      42014.38009435072,
      51459.491875482214,
      46653.39701082941,
      44757.643418796026,
      48696.60062198636,
      46698.54375203158,
      46763.67028968712,
      45833.71644123762,
      47541.56734081699,
      42937.76794626832,
      50476.66078210475,
      46742.134419641014,
      46774.0938289325,
      46730.730727013666,
      46679.85237809493,
      46675.55046644016,
      46694.981534074024,
      46794.65598042378,
      46749.606379399665
    ]
  },
  "nuc2:mbps": {
    "time": [
      0.001,
      1.005,
      2.008,
      3.01,
      4.013,
      5.016,
      6.019,
      7.021,
      8.025,
      9.028,
      10.03,
      11.033,
      12.037,
      13.04,
      14.043,
      15.046,
      16.05,
      17.053,
      18.056,
      19.059,
      20.063,
      21.066,
      22.069,
      23.073,
      24.075,
      25.079,
      26.081,
      27.084,
      28.086,
      29.089
    ],
    "val": [
      833.8441198505798,
      519.3348904063558,
      518.1294074246574,
      509.1303480418575,
      531.0489885298632,
      519.9371211700583,
      515.9841882146046,
      522.9245207850284,
      518.3615956553163,
      492.04829580596714,
      547.3019986408397,
      467.03785545624316,
      572.6354273377603,
      518.8033113839631,
      497.51928622950953,
      541.5035661826586,
      519.0988955303108,
      519.8101467554828,
      509.5043378027706,
      528.6614315204666,
      477.5356629864027,
      561.5857263981777,
      519.6875127938591,
      520.0356828872054,
      519.4754229197806,
      519.1437359352777,
      518.8386092873229,
      519.2878089625693,
      520.1739051489537,
      519.6518828510015
    ]
  },
  "nuc2:cpu_perc": {
    "time": [
      0.0,
      1.003,
      2.007,
      3.01,
      4.012,
      5.015,
      6.018,
      7.021,
      8.024,
      9.027,
      10.03,
      11.033,
      12.036,
      13.039,
      14.043,
      15.046,
      16.049,
      17.052,
      18.055,
      19.058,
      20.062,
      21.065,
      22.069,
      23.072,
      24.075,
      25.078,
      26.081,
      27.083,
      28.086,
      29.089
    ],
    "val": [
      13.5,
      14.3,
      15.0,
      14.4,
      14.7,
      14.6,
      15.5,
      14.2,
      12.9,
      15.3,
      14.7,
      14.3,
      12.2,
      13.6,
      10.9,
      14.6,
      10.4,
      14.3,
      15.7,
      15.1,
      14.8,
      14.9,
      16.5,
      14.5,
      14.7,
      14.1,
      15.5,
      14.3,
      13.8,
      13.2
    ]
  }
}