{
  "nuc2:power": {
    "time": [
      0.064,
      1.181,
      2.203,
      3.227,
      4.252,
      5.271,
      6.348,
      7.387,
      8.44,
      9.468
    ],
    "val": [
      10471.0,
      10471.0,
      10584.0,
      10584.0,
      10434.0,
      10434.0,
      10415.0,
      10415.0,
      10452.0,
      10452.0
    ]
  },
  "nuc2:pcks": {
    "time": [
      0.002,
      1.006,
      2.01,
      3.014,
      4.018,
      5.023,
      6.026,
      7.031,
      8.034,
      9.037,
      10.041,
      11.043,
      12.048,
      13.052,
      14.057,
      15.062,
      16.067,
      17.073,
      18.076,
      19.08,
      20.083,
      21.088,
      22.093,
      23.098,
      24.103,
      25.108,
      26.112,
      27.116,
      28.121,
      29.126
    ],
    "val": [
      26157.680539646175,
      18648.519957215452,
      18739.861983285624,
      18641.567999627685,
      18737.641770208014,
      18645.02099433239,
      18734.75103922588,
      18665.38964412131,
      18721.68096268343,
      18658.27471629596,
      18745.57401798979,
      18647.889447489506,
      18694.321731421955,
      18705.497898647103,
      18698.99472851346,
      18663.094092296215,
      18722.861186348637,
      18688.086797643984,
      18666.22347376637,
      18746.071583748024,
      18647.434756171715,
      18663.099384323046,
      18709.37837726875,
      18722.799001609183,
      18695.22179082839,
      18653.63448634894,
      18731.215462314594,
      18702.176268655192,
      18664.01800636432,
      18721.622011231073
    ]
  },
  "nuc2:mbps": {
    "time": [
      0.001,
      1.005,
      2.009,
      3.013,
      4.017,
      5.022,
      6.026,
      7.03,
      8.033,
      9.037,
      10.04,
      11.043,
      12.048,
      13.051,
      14.056,
      15.061,
      16.066,
      17.072,
      18.076,
      19.079,
      20.083,
      21.087,
      22.092,
      23.097,
      24.102,
      25.107,
      26.111,
      27.116,
      28.12,
      29.125
    ],
    "val": [
      290.76237091612575,
      207.29238085992765,
      208.30771645224792,
      207.21510460190228,
      208.28303710740283,
      207.2535711573637,
      208.25082056415945,
      207.4816623615488,
      208.10385843827365,
      207.40081237294598,
      208.3790175567633,
      207.28360777229386,
      207.79755840917736,
      207.92363716385046,
      207.85864671060665,
      207.44918551087494,
      208.1187397569568,
      207.73839581822003,
      207.48295989733222,
      208.37674085026947,
      207.28031803088896,
      207.45612036417148,
      207.9671910200533,
      208.11804852662198,
      207.81762553665266,
      207.34311215793855,
      208.21160384264928,
      207.89451436919913,
      207.45895038736612,
      208.10496538982142
    ]
  },
  "nuc2:cpu_perc": {
    "time": [
      0.0,
      1.004,
      2.008,
      3.012,
      4.016,
      5.02,
      6.025,
      7.029,
      8.033,
      9.036,
      10.039,
      11.042,
      12.046,
      13.05,
      14.055,
      15.06,
      16.065,
      17.07,
      18.074,
      19.078,
      20.082,
      21.086,
      22.09,
      23.095,
      24.101,
      25.105,
      26.11,
      27.114,
      28.119,
      29.124
    ],
    "val": [
      13.4,
      13.4,
      12.4,
      14.3,
      13.1,
      14.3,
      13.7,
      13.7,
      14.5,
      13.8,
      14.8,
      13.3,
      15.0,
      14.8,
      14.4,
      15.4,
      14.5,
      13.4,
      15.0,
      15.2,
      14.2,
      12.9,
      16.4,
      15.8,
      14.2,
      12.8,
      12.5,
      14.4,
      13.8,
      13.5
    ]
  }
}