{
  "nuc2:power": {
    "time": [
      0.014,
      1.056,
      2.077,
      3.104,
      4.158,
      5.181,
      6.203,
      7.227,
      8.251,
      9.273,
      10.332,
      11.429,
      12.448
    ],
    "val": [
      10922.0,
      11731.0,
      11731.0,
      11430.0,
      11430.0,
      11298.0,
      11656.0,
      11656.0,
      13874.0,
      14081.0,
      14081.0,
      14062.0,
      14006.0
    ]
  },
  "nuc2:pcks": {
    "time": [
      0.002,
      1.006,
      2.009,
      3.013,
      4.017,
      5.021,
      6.025,
      7.028,
      8.031,
      9.034,
      10.038,
      11.041,
      12.045,
      13.049,
      14.054,
      15.057,
      16.061,
      17.064,
      18.066,
      19.07,
      20.074,
      21.078,
      22.082,
      23.085,
      24.089,
      25.092,
      26.095,
      27.099,
      28.102,
      29.105
    ],
    "val": [
      38633.039731480756,
      28036.638319667996,
      28020.42663143716,
      28019.248654960094,
      28059.577541714032,
      28054.87879849484,
      28041.353656051717,
      28025.760828391263,
      28001.816446455086,
      28067.031847170074,
      28025.96511370723,
      28037.175254634956,
      28033.369601328708,
      28025.323581878256,
      28033.984776963713,
      28057.342926856938,
      27864.708361120393,
      28231.238127542,
      28012.456603498053,
      28026.722373493285,
      28066.7678322595,
      28020.612199855506,
      28037.72370576142,
      28048.37584656412,
      28033.890547362993,
      28051.74601916616,
      28011.184135005133,
      28030.200334122266,
      28081.687740616035,
      28006.069206217126
    ]
  },
  "nuc2:mbps": {
    "time": [
      0.001,
      1.005,
      2.009,
      3.013,
      4.016,
      5.02,
      6.024,
      7.028,
      8.03,
      9.034,
      10.037,
      11.04,
      12.044,
      13.048,
      14.053,
      15.057,
      16.06,
      17.064,
      18.066,
      19.07,
      20.073,
      21.077,
      22.081,
      23.085,
      24.088,
      25.091,
      26.095,
      27.098,
      28.102,
      29.104
    ],
    "val": [
      429.987041805948,
      311.6421964286457,
      311.46820028975793,
      311.45510619172296,
      311.90624633236337,
      311.85418342175785,
      311.70300172889205,
      311.51943580290504,
      311.36991991355586,
      311.9816357574976,
      311.5297647023091,
      311.65437388352103,
      311.61299445416927,
      311.52296931724266,
      311.62906129711513,
      311.8671477805141,
      309.7474355673062,
      313.8475380279899,
      311.4080986756353,
      311.5915016337494,
      311.98776492557056,
      311.4697593400027,
      311.6620648840078,
      311.77333840385285,
      311.617861881904,
      311.81852150078186,
      311.3632795186504,
      311.57684237524575,
      312.1536971301681,
      311.30516233362346
    ]
  },
  "nuc2:cpu_perc": {
    "time": [
      0.0,
      1.004,
      2.008,
      3.012,
      4.015,
      5.019,
      6.023,
      7.027,
      8.029,
      9.033,
      10.036,
      11.04,
      12.043,
      13.047,
      14.051,
      15.056,
      16.059,
      17.063,
      18.065,
      19.069,
      20.072,
      21.076,
      22.08,
      23.084,
      24.087,
      25.091,
      26.094,
      27.097,
      28.101,
      29.104
    ],
    "val": [
      11.4,
      10.3,
      13.4,
      10.1,
      10.9,
      10.5,
      13.6,
      11.6,
      13.0,
      11.5,
      11.9,
      11.1,
      11.8,
      13.4,
      15.1,
      12.9,
      17.7,
      12.8,
      13.1,
      12.5,
      13.9,
      12.4,
      12.1,
      12.4,
      12.4,
      14.4,
      11.8,
      11.1,
      9.1,
      9.8
    ]
  }
}