{
  "nuc2:power": {
    "time": [
      0.017,
      1.051,
      2.071,
      3.095,
      4.184,
      5.21,
      6.231,
      7.254,
      8.292,
      9.317,
      10.34,
      11.364,
      12.474,
      13.494,
      14.519,
      15.546,
      16.571,
      17.594,
      18.614,
      19.639,
      20.657,
      21.685,
      22.713,
      23.733,
      24.762,
      25.785,
      26.807,
      27.865,
      28.891,
      29.917
    ],
    "val": [
      11562.0,
      12633.0,
      13479.0,
      13479.0,
      12896.0,
      13930.0,
      13930.0,
      12182.0,
      12690.0,
      12690.0,
      15002.0,
      15058.0,
      12990.0,
      12990.0,
      13272.0,
      13235.0,
      13235.0,
      12821.0,
      13291.0,
      13291.0,
      13855.0,
      13855.0,
      13310.0,
      13836.0,
      13836.0,
      12746.0,
      15134.0,
      13348.0,
      13348.0,
      13479.0
    ]
  },
  "nuc2:pcks": {
    "time": [
      0.001,
      1.004,
      2.007,
      3.01,
      4.013,
      5.016,
      6.019,
      7.023,
      8.026,
      9.03,
      10.033,
      11.036,
      12.039,
      13.042,
      14.045,
      15.048,
      16.051,
      17.054,
      18.057,
      19.06,
      20.064,
      21.067,
      22.071,
      23.074,
      24.077,
      25.08,
      26.083,
      27.087,
      28.091,
      29.094
    ],
    "val": [
      40906.43378033913,
      37324.83303731199,
      37459.43528055758,
      37325.95055249696,
      37341.48824558438,
      37354.975364608785,
      37448.822482355456,
      37322.72879353204,
      37407.61237462167,
      37389.761998143986,
      37342.920345467326,
      37365.48400441651,
      37418.96368971387,
      37329.464964075494,
      37468.07148559661,
      37362.05632139546,
      37325.49410335685,
      37420.34792277267,
      37398.21005677981,
      37348.031471381226,
      37379.47394770607,
      37412.936433701834,
      37308.75976666935,
      37474.82563258717,
      37318.95796200867,
      37379.24943878568,
      37368.53478555185,
      37368.84613356278,
      37400.236781345004,
      37375.4548486933
    ]
  },
  "nuc2:mbps": {
    "time": [
      0.001,
      1.004,
      2.007,
      3.01,
      4.013,
      5.015,
      6.019,
      7.022,
      8.026,
      9.029,
      10.033,
      11.035,
      12.039,
      13.042,
      14.045,
      15.047,
      16.051,
      17.054,
      18.056,
      19.059,
      20.063,
      21.066,
      22.07,
      23.073,
      24.076,
      25.079,
      26.083,
      27.086,
      28.09,
      29.094
    ],
    "val": [
      450.47652385592374,
      415.0351635005212,
      416.42477417698956,
      415.2845329775644,
      415.1877042149952,
      415.2303543742311,
      416.30737632043343,
      414.91641815084483,
      415.82267239277974,
      415.6705969025613,
      415.17325327093835,
      415.46671891846097,
      415.94306023590553,
      414.97902948744763,
      416.60755665100487,
      415.32267834397857,
      414.97705437953977,
      415.9638218758239,
      415.70648769423735,
      415.14468247471643,
      415.53986176873235,
      415.97287103706947,
      414.86501986579066,
      416.56753136015783,
      414.906497036555,
      415.57789216001873,
      415.5125218703804,
      415.5012200172692,
      415.8062120874434,
      415.509973709714
    ]
  },
  "nuc2:cpu_perc": {
    "time": [
      0.0,
      1.003,
      2.006,
      3.009,
      4.012,
      5.015,
      6.018,
      7.021,
      8.025,
      9.028,
      10.032,
      11.035,
      12.038,
      13.041,
      14.044,
      15.047,
      16.05,
      17.053,
      18.056,
      19.058,
      20.062,
      21.066,
      22.069,
      23.073,
      24.076,
      25.079,
      26.082,
      27.085,
      28.089,
      29.093
    ],
    "val": [
      12.6,
      14.9,
      12.8,
      16.5,
      14.1,
      13.4,
      15.8,
      15.3,
      14.4,
      15.2,
      11.7,
      13.1,
      13.2,
      13.2,
      12.9,
      12.1,
      13.6,
      12.3,
      11.7,
      13.3,
      11.7,
      9.8,
      11.8,
      14.2,
      10.9,
      12.0,
      15.6,
      15.6,
      14.6,
      13.5
    ]
  }
}