{
  "nuc2:power": {
    "time": [
      0.021,
      1.054,
      2.074,
      3.097,
      4.157,
      5.267,
      6.362,
      7.446,
      8.474,
      9.492,
      10.521,
      11.547,
      12.575,
      13.631,
      14.65,
      15.951,
      16.974,
      17.993,
      19.09,
      20.111,
      21.134,
      22.153,
      23.175,
      24.193,
      25.22,
      26.24,
      27.287,
      28.307,
      29.327
    ],
    "val": [
      14983.0,
      15923.0,
      15773.0,
      15378.0,
      15378.0,
      15679.0,
      15810.0,
      14795.0,
      14739.0,
      14739.0,
      15867.0,
      16243.0,
      15980.0,
      15773.0,
      15773.0,
      15904.0,
      15585.0,
      15998.0,
      14701.0,
      14701.0,
      14570.0,
      15641.0,
      15622.0,
      15622.0,
      16450.0,
      15773.0,
      16525.0,
      15923.0,
      15923.0
    ]
  },
  "nuc2:pcks": {
    "time": [
      0.002,
      1.005,
      2.008,
      3.011,
      4.014,
      5.017,
      6.019,
      7.022,
      8.026,
      9.028,
      10.032,
      11.035,
      12.039,
      13.041,
      14.044,
      15.047,
      16.05,
      17.053,
      18.055,
      19.058,
      20.06,
      21.063,
      22.066,
      23.07,
      24.074,
      25.077,
      26.08,
      27.084,
      28.086,
      29.088
    ],
    "val": [
      51560.41407867495,
      56118.213918657675,
      56086.793732531645,
      55918.57454243162,
      56208.38934383086,
      56001.67164491413,
      54167.356482675554,
      57933.37846986106,
      56102.24874886901,
      56037.89417324467,
      56070.58003795204,
      56142.91724201667,
      56024.2013495786,
      56042.259529558636,
      55122.794198769596,
      57122.69123216248,
      56022.317105147406,
      56057.542676433404,
      56149.70503522216,
      55975.553994481714,
      56120.446961192836,
      56053.56904795469,
      56063.94487623439,
      56183.538300104934,
      55942.3124001824,
      56160.30588972092,
      56027.098548379625,
      56039.63911670905,
      56175.08963899515,
      56013.284335736134
    ]
  },
  "nuc2:mbps": {
    "time": [
      0.001,
      1.005,
      2.007,
      3.01,
      4.014,
      5.016,
      6.019,
      7.022,
      8.025,
      9.028,
      10.032,
      11.035,
      12.038,
      13.041,
      14.044,
      15.047,
      16.049,
      17.052,
      18.055,
      19.058,
      20.06,
      21.063,
      22.066,
      23.07,
      24.073,
      25.077,
      26.08,
      27.083,
      28.086,
      29.088
    ],
    "val": [
      577.4766376811594,
      623.8483613954429,
      623.445719247451,
      621.6192752295165,
      624.802469102133,
      622.5089331683469,
      602.6071587554591,
      644.24546458643,
      623.6212091732789,
      622.9398841220742,
      623.292107277769,
      624.0784740263059,
      622.7712073455259,
      623.0845772885474,
      612.8082615445027,
      635.261409308302,
      622.877056146388,
      623.1412473520023,
      624.1270511129919,
      622.2165151520553,
      623.8290457002133,
      623.0665741342812,
      623.2003875309023,
      624.52438363064,
      621.9041039213573,
      624.2730215672972,
      622.9104536258062,
      622.9213932610644,
      624.4766696835596,
      622.6098516701054
    ]
  },
  "nuc2:cpu_perc": {
    "time": [
      0.0,
      1.004,
      2.007,
      3.01,
      4.013,
      5.016,
      6.019,
      7.021,
      8.024,
      9.027,
      10.031,
      11.034,
      12.037,
      13.04,
      14.043,
      15.046,
      16.049,
      17.051,
      18.054,
      19.057,
      20.059,
      21.062,
      22.065,
      23.069,
      24.072,
      25.076,
      26.079,
      27.082,
      28.085,
      29.087
    ],
    "val": [
      14.7,
      15.5,
      14.3,
      14.3,
      12.1,
      14.5,
      15.0,
      16.0,
      15.6,
      16.8,
      17.9,
      17.3,
      15.6,
      14.2,
      15.0,
      13.4,
      13.5,
      13.6,
      15.9,
      13.2,
      13.2,
      15.1,
      12.3,
      11.3,
      15.3,
      15.4,
      15.8,
      14.7,
      13.5,
      13.2
    ]
  }
}