{
  "nuc2:power": {
    "time": [
      0.025,
      1.051,
      2.075,
      3.1,
      4.181,
      5.207,
      6.301,
      7.324,
      8.343,
      9.371,
      10.394,
      11.45,
      12.469,
      13.531,
      14.556,
      15.574,
      16.601,
      17.625,
      18.646,
      19.673,
      20.693,
      21.806,
      22.933,
      24.046,
      25.114,
      26.164,
      27.291,
      28.315,
      29.339
    ],
    "val": [
      17220.0,
      17314.0,
      17352.0,
      17352.0,
      17183.0,
      17766.0,
      17521.0,
      17916.0,
      17897.0,
      17126.0,
      17578.0,
      17578.0,
      17408.0,
      18085.0,
      17766.0,
      17916.0,
      17728.0,
      17860.0,
      17596.0,
      17521.0,
      17446.0,
      17446.0,
      17860.0,
      17484.0,
      18123.0,
      17728.0,
      17427.0,
      17164.0,
      17672.0
    ]
  },
  "nuc2:pcks": {
    "time": [
      0.001,
      1.004,
      2.007,
      3.01,
      4.013,
      5.016,
      6.019,
      7.022,
      8.024,
      9.027,
      10.03,
      11.033,
      12.035,
      13.038,
      14.041,
      15.044,
      16.047,
      17.05,
      18.053,
      19.056,
      20.059,
      21.063,
      22.066,
      23.069,
      24.073,
      25.076,
      26.079,
      27.082,
      28.085,
      29.088
    ],
    "val": [
      94957.30829147558,
      74734.52507228516,
      74676.0000856243,
      74737.20371712623,
      74185.59390919161,
      75361.23138357802,
      74754.15893677248,
      74723.7921097886,
      74700.82144672386,
      74756.38348095924,
      73733.77618679707,
      75589.56901675714,
      74522.30608499183,
      74653.04869085166,
      74772.82985750002,
      74617.75845813786,
      74561.34053423857,
      75104.20375499525,
      74751.06407059215,
      74698.50311202901,
      74833.39552521372,
      74147.93239917915,
      75312.85423700443,
      74714.29350130528,
      74658.67755795499,
      74850.81810203909,
      74741.50040753439,
      74771.00041630628,
      74358.05437274688,
      74841.45016498512
    ]
  },
  "nuc2:mbps": {
    "time": [
      0.001,
      1.004,
      2.006,
      3.009,
      4.012,
      5.015,
      6.018,
      7.021,
      8.024,
      9.026,
      10.029,
      11.032,
      12.034,
      13.037,
      14.04,
      15.044,
      16.046,
      17.05,
      18.053,
      19.056,
      20.059,
      21.062,
      22.065,
      23.068,
      24.072,
      25.075,
      26.078,
      27.081,
      28.084,
      29.087
    ],
    "val": [
      1058.4802609850767,
      830.9194846025182,
      830.2978083364465,
      831.237589267557,
      824.8374899266659,
      837.9376306480733,
      831.2882835829464,
      830.9985962001699,
      831.1407253149184,
      831.6048156935881,
      819.9864688928128,
      840.9897909978985,
      829.0585006102132,
      830.5764683563824,
      831.810678684825,
      830.0148755486667,
      829.5899979736525,
      835.8202561172604,
      831.4684069105615,
      830.5303575268894,
      831.9772721001508,
      824.3317312150311,
      837.6590652920985,
      830.5400492109111,
      830.3545550883805,
      832.1359694344908,
      830.8947558266575,
      831.4522648750568,
      826.8169250634722,
      832.1789814935652
    ]
  },
  "nuc2:cpu_perc": {
    "time": [
      0.0,
      1.003,
      2.006,
      3.009,
      4.012,
      5.015,
      6.018,
      7.02,
      8.023,
      9.026,
      10.029,
      11.032,
      12.034,
      13.036,
      14.039,
      15.043,
      16.046,
      17.049,
      18.052,
      19.055,
      20.058,
      21.061,
      22.064,
      23.068,
      24.071,
      25.074,
      26.077,
      27.081,
      28.084,
      29.086
    ],
    "val": [
      16.4,
      18.6,
      21.4,
      21.4,
      19.5,
      17.1,
      17.2,
      16.7,
      17.7,
      19.0,
      17.5,
      17.4,
      17.0,
      17.8,
      18.0,
      18.2,
      17.2,
      17.7,
      18.0,
      18.0,
      17.0,
      18.4,
      18.9,
      17.9,
      18.7,
      18.4,
      17.8,
      18.6,
      18.3,
      19.3
    ]
  }
}