{
  "nuc2:power": {
    "time": [
      0.017,
      1.035,
      2.058,
      3.079,
      4.102
    ],
    "val": [
      17634.0,
      17784.0,
      17559.0,
      17484.0,
      17559.0
    ]
  },
  "nuc2:pcks": {
    "time": [
      0.001,
      1.005,
      2.008,
      3.011,
      4.014,
      5.018,
      6.021,
      7.024,
      8.027,
      9.03,
      10.033,
      11.037,
      12.04,
      13.044,
      14.048,
      15.049,
      16.053,
      17.056,
      18.059,
      19.062,
      20.066,
      21.07,
      22.073,
      23.076,
      24.079,
      25.082,
      26.085,
      27.088,
      28.092,
      29.094
    ],
    "val": [
      94093.83548606391,
      74410.97549163096,
      74394.45601884687,
      74338.34426231847,
      74429.71044802094,
      74445.73411590794,
      74399.21580032333,
      74493.97602310918,
      74337.77793710136,
      74472.33853067669,
      74559.39652074006,
      74453.10730869744,
      74376.7489891017,
      74440.72335019291,
      74378.31850813366,
      74467.032098655,
      74427.83037183441,
      74272.7421687205,
      74587.9954890281,
      74380.26587361471,
      74361.45538961247,
      74346.39441156785,
      74472.42088220546,
      74455.17136775424,
      74446.52462809508,
      74396.26721365387,
      74403.5456851344,
      74272.66091547806,
      74547.29306387313,
      74465.9401282399
    ]
  },
  "nuc2:mbps": {
    "time": [
      0.001,
      1.005,
      2.008,
      3.011,
      4.013,
      5.017,
      6.021,
      7.023,
      8.027,
      9.029,
      10.033,
      11.036,
      12.04,
      13.044,
      14.047,
      15.049,
      16.052,
      17.056,
      18.059,
      19.062,
      20.065,
      21.069,
      22.073,
      23.076,
      24.079,
      25.082,
      26.085,
      27.088,
      28.091,
      29.094
    ],
    "val": [
      1047.1250812034573,
      830.8032679742561,
      830.8811028929671,
      830.7352151219685,
      830.8633680486569,
      830.6885947741295,
      830.2214460635042,
      832.170257804144,
      829.9695084135972,
      831.1364142339578,
      832.0042623891178,
      831.3204016960136,
      830.6806649137908,
      830.9489796328469,
      830.5518327332674,
      831.2889806822889,
      830.6590998327458,
      828.7415440198689,
      833.5506905698679,
      830.861482050213,
      830.9736043722916,
      830.0383053898605,
      831.4875670532103,
      831.4639687326743,
      831.0742951885006,
      830.9830699062729,
      830.8076878314896,
      829.7770864994142,
      832.1628198194154,
      830.852208224284
    ]
  },
  "nuc2:cpu_perc": {
    "time": [
      0.0,
      1.003,
      2.007,
      3.01,
      4.013,
      5.016,
      6.02,
      7.023,
      8.026,
      9.029,
      10.032,
      11.035,
      12.039,
      13.043,
      14.046,
      15.049,
      16.051,
      17.055,
      18.058,
      19.061,
      20.064,
      21.068,
      22.072,
      23.075,
      24.078,
      25.081,
      26.084,
      27.087,
      28.09,
      29.093
    ],
    "val": [
      18.5,
      19.8,
      20.1,
      20.5,
      19.2,
      20.1,
      19.3,
      19.1,
      19.5,
      20.1,
      18.7,
      19.9,
      19.4,
      18.8,
      18.7,
      18.0,
      19.2,
      20.0,
      17.0,
      19.1,
      17.4,
      19.3,
      19.3,
      17.8,
      19.6,
      17.0,
      17.8,
      17.4,
      17.7,
      19.2
    ]
  }
}