{
  "nuc2:power": {
    "time": [
      0.037,
      1.072,
      2.12,
      3.144,
      4.164,
      5.26,
      6.294,
      7.434,
      8.458,
      9.483,
      10.509,
      11.53,
      12.562,
      13.599,
      14.64,
      15.663,
      16.711,
      17.731,
      18.818,
      19.84,
      20.935,
      21.964,
      22.989,
      24.074,
      25.095,
      26.117,
      27.142,
      28.165,
      29.196
    ],
    "val": [
      8441.0,
      9174.0,
      9174.0,
      9212.0,
      9212.0,
      9193.0,
      9193.0,
      9024.0,
      9024.0,
      8986.0,
      8986.0,
      9024.0,
      9024.0,
      9024.0,
      8892.0,
      8892.0,
      8704.0,
      8704.0,
      9193.0,
      9193.0,
      9212.0,
      9212.0,
      9080.0,
      9080.0,
      9249.0,
      9249.0,
      9249.0,
      9080.0,
      9080.0
    ]
  },
  "nuc2:pcks": {
    "time": [
      0.001,
      1.006,
      2.013,
      3.019,
      4.025,
      5.031,
      6.037,
      7.043,
      8.049,
      9.056,
      10.062,
      11.067,
      12.074,
      13.08,
      14.086,
      15.093,
      16.099,
      17.105,
      18.111,
      19.117,
      20.123,
      21.129,
      22.134,
      23.141,
      24.147,
      25.152,
      26.158,
      27.164,
      28.17,
      29.175
    ],
    "val": [
      4818.546728703544,
      9369.054452804412,
      9349.298064108301,
      9294.059263794494,
      9405.588220129506,
      9350.22782578806,
      9301.628936935092,
      9409.568561926033,
      9252.027915561468,
      9443.98807251332,
      9299.321484470962,
      9307.506192873567,
      9449.185091300604,
      9217.761490835634,
      9480.267177070506,
      9252.006739558517,
      9349.002050079567,
      9445.717539051691,
      9192.5284475204,
      9509.806760319127,
      9259.524458119762,
      9336.51697217667,
      9388.703201883467,
      9237.032793325401,
      9543.473642737754,
      9259.996552012792,
      9258.406995130257,
      9356.24867189842,
      9348.535466039622,
      9444.292821315128
    ]
  },
  "nuc2:mbps": {
    "time": [
      0.0,
      1.005,
      2.012,
      3.018,
      4.024,
      5.03,
      6.036,
      7.041,
      8.048,
      9.054,
      10.061,
      11.066,
      12.072,
      13.079,
      14.085,
      15.092,
      16.098,
      17.104,
      18.11,
      19.116,
      20.121,
      21.128,
      22.133,
      23.139,
      24.146,
      25.151,
      26.157,
      27.163,
      28.168,
      29.174
    ],
    "val": [
      51.97862727187087,
      104.14411483505886,
      103.92450765661218,
      103.31400304429951,
      104.54669879817418,
      103.94271639911105,
      103.39035824817552,
      104.59085767370638,
      102.84327650662645,
      104.97705860065257,
      103.37308191395807,
      103.45585416322668,
      105.03482738875272,
      102.46798647797945,
      105.37471741100117,
      102.84312483049708,
      103.92113351166783,
      104.99628292715026,
      102.18515977565984,
      105.7054164231442,
      102.92660623781647,
      103.78930344105997,
      104.3656239999052,
      102.66662534281767,
      106.08291583545424,
      102.93185391791656,
      102.91418479288954,
      104.00218759552912,
      103.91561201858754,
      104.98806824730859
    ]
  },
  "nuc2:cpu_perc": {
    "time": [
      0.0,
      1.004,
      2.01,
      3.016,
      4.022,
      5.028,
      6.034,
      7.04,
      8.046,
      9.052,
      10.059,
      11.064,
      12.07,
      13.077,
      14.083,
      15.089,
      16.096,
      17.102,
      18.109,
      19.114,
      20.12,
      21.126,
      22.132,
      23.137,
      24.144,
      25.149,
      26.155,
      27.161,
      28.167,
      29.172
    ],
    "val": [
      7.6,
      10.7,
      10.4,
      9.9,
      8.9,
      8.2,
      10.2,
      11.0,
      9.1,
      8.9,
      9.1,
      9.2,
      9.7,
      9.6,
      8.2,
      8.2,
      8.9,
      8.4,
      9.2,
      10.9,
      12.9,
      9.7,
      10.0,
      10.1,
      9.7,
      11.2,
      10.6,
      9.7,
      10.2,
      12.7
    ]
  }
}