{
  "nuc2:power": {
    "time": [
      0.017,
      1.038,
      2.068,
      3.085,
      4.107,
      5.161,
      6.185,
      7.275,
      8.302,
      9.335,
      10.384,
      11.405,
      12.467,
      13.524,
      14.543,
      15.688,
      16.724,
      17.775,
      18.801,
      19.822,
      20.844,
      21.865,
      22.903,
      23.934,
      24.978,
      26.0,
      27.02,
      28.05,
      29.073
    ],
    "val": [
      16807.0,
      18010.0,
      16732.0,
      17766.0,
      17766.0,
      16525.0,
      16262.0,
      17164.0,
      17596.0,
      16656.0,
      16675.0,
      16675.0,
      16337.0,
      17653.0,
      16243.0,
      16656.0,
      16431.0,
      17559.0,
      17559.0,
      16506.0,
      17803.0,
      17108.0,
      17051.0,
      17145.0,
      17371.0,
      17371.0,
      16675.0,
      16694.0,
      17108.0
    ]
  },
  "nuc2:pcks": {
    "time": [
      0.001,
      1.004,
      2.007,
      3.011,
      4.014,
      5.017,
      6.021,
      7.024,
      8.027,
      9.03,
      10.034,
      11.037,
      12.04,
      13.043,
      14.047,
      15.05,
      16.054,
      17.057,
      18.061,
      19.064,
      20.067,
      21.07,
      22.074,
      23.078,
      24.082,
      25.085,
      26.088,
      27.091,
      28.095,
      29.099
    ],
    "val": [
      95977.89343577751,
      66622.12392530541,
      64528.02984548309,
      66172.22347404991,
      65682.5394280991,
      58922.36610506874,
      59761.97191544731,
      64198.459429316536,
      60528.26888551404,
      62739.73362206517,
      63805.99677386924,
      63219.69251363336,
      62546.700675414104,
      61414.8105067984,
      64894.54738052803,
      61617.022313090274,
      59848.43172985754,
      63734.74278990325,
      65570.18642529809,
      62340.012961925415,
      68982.73515564493,
      61700.07438725499,
      67165.97700406612,
      76776.44234198771,
      67703.03492976939,
      62907.022436253006,
      60563.47082835645,
      62298.466493775566,
      67815.99196156033,
      66915.26364814324
    ]
  },
  "nuc2:mbps": {
    "time": [
      0.0,
      1.003,
      2.007,
      3.01,
      4.014,
      5.017,
      6.02,
      7.024,
      8.027,
      9.03,
      10.033,
      11.036,
      12.04,
      13.043,
      14.046,
      15.05,
      16.053,
      17.057,
      18.06,
      19.064,
      20.067,
      21.07,
      22.074,
      23.077,
      24.081,
      25.084,
      26.088,
      27.091,
      28.095,
      29.098
    ],
    "val": [
      1074.9524064807083,
      743.6374575395539,
      720.0939351967421,
      739.0936255105253,
      731.8035467365697,
      657.2381550296839,
      666.6088868922435,
      716.4277007720531,
      675.2778341859963,
      699.9578725957433,
      712.0718217690937,
      705.5316408483789,
      698.002727513352,
      685.164955624969,
      724.449189269137,
      687.5374045977178,
      667.56475285765,
      711.1586087074454,
      731.8561221195865,
      695.5162860133183,
      770.1937710510477,
      688.3264326439613,
      749.6962235964227,
      858.1718916823475,
      755.8835012445863,
      701.9533504156276,
      675.5749270072301,
      695.220511158376,
      756.9573307397488,
      746.8136203097359
    ]
  },
  "nuc2:cpu_perc": {
    "time": [
      0.0,
      1.002,
      2.006,
      3.009,
      4.013,
      5.016,
      6.019,
      7.023,
      8.026,
      9.029,
      10.033,
      11.036,
      12.039,
      13.042,
      14.045,
      15.049,
      16.052,
      17.056,
      18.059,
      19.063,
      20.066,
      21.069,
      22.073,
      23.076,
      24.08,
      25.084,
      26.087,
      27.09,
      28.094,
      29.097
    ],
    "val": [
      15.6,
      20.7,
      16.3,
      22.5,
      21.3,
      19.8,
      18.5,
      18.8,
      18.5,
      17.5,
      18.5,
      18.6,
      17.2,
      17.7,
      18.4,
      14.8,
      14.5,
      18.5,
      16.3,
      15.7,
      18.2,
      15.0,
      18.2,
      21.2,
      18.3,
      17.1,
      15.6,
      18.4,
      18.5,
      18.8
    ]
  }
}