{
  "nuc2:power": {
    "time": [
      0.039,
      1.064,
      2.097,
      3.174,
      4.198,
      5.222,
      6.249,
      7.271,
      8.296,
      9.32,
      10.345,
      11.434,
      12.456,
      13.572,
      14.602,
      15.623,
      16.644,
      17.674,
      18.696,
      19.716,
      20.747,
      21.795,
      22.825,
      23.851,
      24.874,
      25.892,
      26.92,
      27.945,
      28.966,
      29.987
    ],
    "val": [
      16938.0,
      16938.0,
      16863.0,
      17089.0,
      17408.0,
      17183.0,
      16769.0,
      16450.0,
      16450.0,
      16769.0,
      17427.0,
      16995.0,
      16675.0,
      16882.0,
      16995.0,
      16995.0,
      17183.0,
      17108.0,
      17108.0,
      16863.0,
      17164.0,
      16920.0,
      16920.0,
      17108.0,
      16976.0,
      16544.0,
      16995.0,
      17239.0,
      17578.0,
      17578.0
    ]
  },
  "nuc2:pcks": {
    "time": [
      0.001,
      1.004,
      2.008,
      3.011,
      4.014,
      5.017,
      6.02,
      7.024,
      8.027,
      9.03,
      10.033,
      11.037,
      12.04,
      13.043,
      14.046,
      15.05,
      16.053,
      17.056,
      18.059,
      19.062,
      20.066,
      21.07,
      22.073,
      23.076,
      24.079,
      25.083,
      26.087,
      27.09,
      28.094,
      29.097
    ],
    "val": [
      74074.27446438912,
      65261.901236417136,
      65302.53961056465,
      65292.43728563271,
      65372.45793693619,
      65280.44538138438,
      65426.145224515625,
      65328.52565373029,
      65364.733385640946,
      65256.15967410344,
      65291.75020935018,
      65323.11050883607,
      65304.95860583023,
      65322.77689932171,
      65272.81872775637,
      65318.654345979885,
      65258.02645261333,
      65271.904046048156,
      65350.82417400937,
      65265.83909750915,
      64937.97328536767,
      65593.19967976038,
      65282.60911817939,
      65282.41194869894,
      65273.676943720755,
      65385.05639601257,
      65211.387308897814,
      65283.573651743485,
      65367.009159492874,
      65287.184536769266
    ]
  },
  "nuc2:mbps": {
    "time": [
      0.001,
      1.003,
      2.007,
      3.01,
      4.013,
      5.017,
      6.019,
      7.023,
      8.027,
      9.03,
      10.033,
      11.036,
      12.039,
      13.043,
      14.046,
      15.049,
      16.053,
      17.055,
      18.059,
      19.062,
      20.065,
      21.069,
      22.073,
      23.076,
      24.079,
      25.082,
      26.086,
      27.09,
      28.093,
      29.096
    ],
    "val": [
      822.9481886462072,
      726.7803381083576,
      727.0895414145446,
      727.3229133124872,
      727.613419109363,
      726.7751105477178,
      727.4185218954972,
      726.8765821071414,
      727.8833008861986,
      726.5992870235995,
      727.3211496517953,
      727.2369829002471,
      727.1041726586826,
      727.046357142821,
      727.3148247069206,
      727.2585036197311,
      726.8077222152087,
      727.3438162627986,
      727.5339876652662,
      726.8493577468878,
      723.6737799441838,
      730.7108264027281,
      727.095586063778,
      727.0626503040529,
      726.9189271546244,
      727.8632861455256,
      726.7468614940118,
      727.1375898270578,
      727.4561562028546,
      727.0797968188502
    ]
  },
  "nuc2:cpu_perc": {
    "time": [
      0.0,
      1.002,
      2.006,
      3.01,
      4.013,
      5.016,
      6.019,
      7.022,
      8.026,
      9.029,
      10.032,
      11.035,
      12.038,
      13.042,
      14.045,
      15.048,
      16.052,
      17.055,
      18.058,
      19.061,
      20.064,
      21.069,
      22.072,
      23.075,
      24.078,
      25.082,
      26.085,
      27.089,
      28.092,
      29.096
    ],
    "val": [
      17.7,
      18.2,
      16.1,
      19.9,
      18.7,
      17.6,
      15.3,
      15.5,
      16.6,
      15.1,
      14.2,
      16.0,
      15.1,
      17.4,
      16.7,
      17.2,
      13.6,
      15.3,
      15.5,
      17.9,
      18.0,
      18.9,
      15.6,
      15.3,
      15.5,
      16.2,
      17.9,
      15.8,
      17.1,
      18.5
    ]
  }
}