{
  "nuc2:power": {
    "time": [
      0.015,
      1.034,
      2.056,
      3.083,
      4.109,
      5.13,
      6.155,
      7.233,
      8.272,
      9.297,
      10.316,
      11.41,
      12.435,
      13.478,
      14.511,
      15.53,
      16.559,
      17.58,
      18.633,
      19.66,
      20.685,
      21.707,
      22.736,
      23.759,
      24.78,
      25.803,
      26.854,
      27.887,
      28.906,
      29.934
    ],
    "val": [
      8704.0,
      9776.0,
      9776.0,
      9663.0,
      9663.0,
      9682.0,
      9682.0,
      9588.0,
      9588.0,
      9512.0,
      9512.0,
      9569.0,
      9569.0,
      9569.0,
      9569.0,
      9569.0,
      9456.0,
      9456.0,
      9456.0,
      9456.0,
      9550.0,
      9550.0,
      9362.0,
      9362.0,
      9512.0,
      9512.0,
      9588.0,
      9588.0,
      9644.0,
      9644.0
    ]
  },
  "nuc2:pcks": {
    "time": [
      0.002,
      1.008,
      2.014,
      3.02,
      4.026,
      5.033,
      6.039,
      7.044,
      8.048,
      9.052,
      10.055,
      11.06,
      12.065,
      13.071,
      14.077,
      15.082,
      16.087,
      17.093,
      18.099,
      19.104,
      20.108,
      21.112,
      22.117,
      23.124,
      24.129,
      25.134,
      26.141,
      27.146,
      28.153,
      29.159
    ],
    "val": [
      17094.688791848617,
      9360.34733584518,
      9327.372606656665,
      9362.898246312705,
      9355.754250269196,
      9281.071810135993,
      9394.874540030625,
      9374.16867216203,
      9298.982135153636,
      9342.394797476341,
      9375.298361057692,
      9312.369994091867,
      9333.940768956438,
      9347.929025154288,
      9351.239582955364,
      9355.808454935886,
      9355.103112834931,
      9357.865200775474,
      9339.370426008601,
      9378.77269906644,
      9356.66459796329,
      9274.963504138337,
      9362.925491446664,
      9350.82897514377,
      9358.617569909753,
      9349.197782457086,
      9317.395941799165,
      9364.031232136153,
      9315.834153309375,
      9415.86094028253
    ]
  },
  "nuc2:mbps": {
    "time": [
      0.002,
      1.007,
      2.013,
      3.019,
      4.025,
      5.032,
      6.038,
      7.043,
      8.047,
      9.051,
      10.055,
      11.059,
      12.064,
      13.07,
      14.076,
      15.081,
      16.087,
      17.092,
      18.098,
      19.102,
      20.107,
      21.111,
      22.116,
      23.123,
      24.128,
      25.133,
      26.139,
      27.146,
      28.152,
      29.158
    ],
    "val": [
      186.420023373508,
      104.04749625604042,
      103.68673683565336,
      104.076437799451,
      103.99669170365652,
      103.16846580253085,
      104.43547517778916,
      104.19426071254904,
      103.36755711352328,
      103.84542323503943,
      104.21352059008196,
      103.51704617716656,
      103.75187263374029,
      103.90878719244482,
      103.9455025117721,
      103.99687556667018,
      103.98903515661281,
      104.01973784973018,
      103.8211068664175,
      104.2451809728171,
      104.01427140260414,
      103.0903370618684,
      104.07598680157626,
      103.94152488876544,
      104.02810100077316,
      103.93076800404535,
      103.56662402344499,
      104.08961728529826,
      103.54960043129807,
      104.6618929798211
    ]
  },
  "nuc2:cpu_perc": {
    "time": [
      0.0,
      1.005,
      2.011,
      3.017,
      4.023,
      5.03,
      6.036,
      7.042,
      8.046,
      9.05,
      10.054,
      11.057,
      12.063,
      13.068,
      14.074,
      15.079,
      16.085,
      17.09,
      18.096,
      19.101,
      20.106,
      21.11,
      22.115,
      23.121,
      24.126,
      25.132,
      26.137,
      27.144,
      28.15,
      29.156
    ],
    "val": [
      8.0,
      11.3,
      11.1,
      12.4,
      12.9,
      12.0,
      14.2,
      13.8,
      16.1,
      16.3,
      16.2,
      14.8,
      12.9,
      14.7,
      13.0,
      13.8,
      14.7,
      14.0,
      15.3,
      15.6,
      14.0,
      14.9,
      12.8,
      14.1,
      14.2,
      13.2,
      13.6,
      13.7,
      13.5,
      13.1
    ]
  }
}