{
  "nuc2:power": {
    "time": [
      0.049,
      1.106,
      2.132,
      3.157,
      4.214,
      5.309,
      6.364,
      7.388,
      8.433,
      9.596,
      10.618,
      11.645,
      12.702,
      13.748,
      14.805,
      15.834,
      17.129,
      18.164,
      19.197,
      20.221,
      21.263,
      22.301,
      23.322,
      24.348,
      25.368,
      26.395,
      27.445,
      28.473,
      29.522
    ],
    "val": [
      10659.0,
      10716.0,
      10716.0,
      10546.0,
      10546.0,
      10678.0,
      10678.0,
      11016.0,
      11016.0,
      10396.0,
      10640.0,
      10640.0,
      10716.0,
      10716.0,
      12746.0,
      12746.0,
      10697.0,
      10565.0,
      10565.0,
      11204.0,
      11204.0,
      10697.0,
      10697.0,
      10528.0,
      10528.0,
      12069.0,
      10828.0,
      10828.0,
      10922.0
    ]
  },
  "nuc2:pcks": {
    "time": [
      0.002,
      1.005,
      2.009,
      3.012,
      4.017,
      5.021,
      6.024,
      7.029,
      8.032,
      9.035,
      10.039,
      11.043,
      12.047,
      13.05,
      14.054,
      15.057,
      16.06,
      17.064,
      18.068,
      19.073,
      20.077,
      21.081,
      22.085,
      23.089,
      24.093,
      25.097,
      26.1,
      27.104,
      28.108,
      29.113
    ],
    "val": [
      33788.88549116317,
      25284.29985947162,
      25208.323753291188,
      25118.54063429279,
      25352.034408863627,
      25124.668178359494,
      25368.67576918116,
      25165.268158665538,
      25282.3967466731,
      25202.251839571625,
      25133.305580835455,
      25347.47626426391,
      25138.07766744458,
      25334.94403757768,
      25191.21254836434,
      25305.178948509365,
      25199.645495009878,
      25126.362776226833,
      25355.741994576587,
      25114.5619529106,
      25316.43978504582,
      25186.374185436824,
      25282.25865222968,
      25183.226362403257,
      25278.284580387142,
      25277.91245033034,
      25264.39439890905,
      25227.494753502677,
      25085.664546225213,
      25363.81271902654
    ]
  },
  "nuc2:mbps": {
    "time": [
      0.002,
      1.005,
      2.008,
      3.012,
      4.016,
      5.02,
      6.024,
      7.028,
      8.032,
      9.035,
      10.038,
      11.042,
      12.046,
      13.05,
      14.053,
      15.056,
      16.059,
      17.063,
      18.067,
      19.072,
      20.076,
      21.08,
      22.084,
      23.088,
      24.092,
      25.096,
      26.1,
      27.103,
      28.108,
      29.112
    ],
    "val": [
      375.58897629066996,
      281.0691170238575,
      280.194528774466,
      279.2132252631875,
      281.8129634885481,
      279.2752123279986,
      281.99878567205155,
      279.720971569084,
      281.0329306286517,
      280.14205946863586,
      279.42134765225865,
      281.7533172972413,
      279.4325759276081,
      281.62198317427874,
      280.02119723257726,
      281.28617200494887,
      280.15314860407767,
      279.30101358835924,
      281.8457004557262,
      279.17167947228216,
      281.41436540453134,
      279.9581853472721,
      281.0313956046377,
      279.93057692373276,
      280.9872207952781,
      280.9830842887006,
      280.84692406274667,
      280.41652344550465,
      278.8391433424929,
      281.93692383561046
    ]
  },
  "nuc2:cpu_perc": {
    "time": [
      0.0,
      1.004,
      2.007,
      3.011,
      4.015,
      5.019,
      6.023,
      7.027,
      8.031,
      9.034,
      10.037,
      11.041,
      12.045,
      13.049,
      14.052,
      15.055,
      16.059,
      17.062,
      18.066,
      19.071,
      20.075,
      21.079,
      22.083,
      23.087,
      24.091,
      25.095,
      26.099,
      27.102,
      28.107,
      29.111
    ],
    "val": [
      10.0,
      10.5,
      11.5,
      14.0,
      12.3,
      14.2,
      12.6,
      13.6,
      12.1,
      11.1,
      11.7,
      13.7,
      12.7,
      12.7,
      10.5,
      11.5,
      12.5,
      12.1,
      11.6,
      10.1,
      10.5,
      11.2,
      12.4,
      13.9,
      14.8,
      11.2,
      9.0,
      10.3,
      10.9,
      10.9
    ]
  }
}