{
  "nuc2:power": {
    "time": [
      0.091,
      1.114,
      2.137,
      3.16,
      4.186,
      5.219,
      6.242,
      7.264,
      8.283,
      9.305,
      10.328,
      11.353,
      12.381,
      13.402,
      14.425,
      15.475,
      16.544,
      17.565,
      18.584,
      19.611,
      20.635,
      21.657,
      22.718,
      23.779,
      24.821,
      25.856,
      26.905,
      28.156,
      29.258
    ],
    "val": [
      11825.0,
      12953.0,
      12953.0,
      12464.0,
      14194.0,
      14194.0,
      12821.0,
      14776.0,
      14682.0,
      14682.0,
      14438.0,
      14607.0,
      14607.0,
      14457.0,
      14400.0,
      14325.0,
      14325.0,
      14626.0,
      14607.0,
      14006.0,
      14006.0,
      14494.0,
      14476.0,
      14476.0,
      14325.0,
      14532.0,
      14457.0,
      14438.0,
      14438.0
    ]
  },
  "nuc2:pcks": {
    "time": [
      0.001,
      1.005,
      2.008,
      3.012,
      4.015,
      5.018,
      6.022,
      7.025,
      8.029,
      9.032,
      10.036,
      11.04,
      12.043,
      13.047,
      14.05,
      15.054,
      16.057,
      17.062,
      18.065,
      19.068,
      20.072,
      21.076,
      22.079,
      23.082,
      24.086,
      25.089,
      26.093,
      27.097,
      28.101,
      29.104
    ],
    "val": [
      51225.617649955675,
      37464.53292438661,
      37402.08960985659,
      37259.27072362811,
      37377.791293153896,
      37555.98363411438,
      37246.020384451316,
      37332.39992644882,
      37444.12388113752,
      37517.25748157498,
      37205.80798285892,
      37411.94376446813,
      37540.139287041224,
      37233.386712831896,
      37339.98736578283,
      37441.11627252694,
      37511.95579186445,
      37158.97951593836,
      37478.580924698355,
      36707.9007134029,
      38028.77513202368,
      37313.813946849215,
      37527.28822850898,
      37467.28229378046,
      37218.09260050995,
      37337.973443498704,
      37554.8695727368,
      37299.19507487679,
      37293.262848531485,
      37542.5365451974
    ]
  },
  "nuc2:mbps": {
    "time": [
      0.001,
      1.004,
      2.008,
      3.011,
      4.015,
      5.018,
      6.021,
      7.025,
      8.028,
      9.031,
      10.035,
      11.039,
      12.042,
      13.046,
      14.05,
      15.053,
      16.056,
      17.061,
      18.065,
      19.068,
      20.072,
      21.075,
      22.079,
      23.082,
      24.085,
      25.089,
      26.092,
      27.096,
      28.1,
      29.103
    ],
    "val": [
      573.7269176795036,
      416.4422057252345,
      415.8413982288834,
      414.17013217428945,
      415.48010749351016,
      417.4754596059774,
      414.01428279440614,
      414.9803332885197,
      416.222649843834,
      417.1219100522806,
      413.57106958799557,
      415.86956377317057,
      417.2844781811159,
      413.8717525653277,
      415.064757809915,
      416.1972783331342,
      416.9665784722345,
      413.06379430935317,
      416.62210644060576,
      408.04770747848613,
      422.8023511727505,
      414.7647556963148,
      417.1464122486286,
      416.47318720783215,
      413.7072027123461,
      415.04211972652996,
      417.4556017451397,
      414.6761149486515,
      414.5437835418352,
      417.506312865448
    ]
  },
  "nuc2:cpu_perc": {
    "time": [
      0.0,
      1.003,
      2.007,
      3.01,
      4.014,
      5.017,
      6.021,
      7.024,
      8.027,
      9.031,
      10.034,
      11.038,
      12.042,
      13.045,
      14.049,
      15.052,
      16.056,
      17.06,
      18.064,
      19.067,
      20.07,
      21.074,
      22.078,
      23.081,
      24.084,
      25.088,
      26.091,
      27.095,
      28.099,
      29.103
    ],
    "val": [
      11.8,
      13.2,
      14.9,
      12.0,
      12.4,
      13.5,
      14.1,
      12.8,
      11.3,
      12.2,
      11.5,
      12.2,
      12.0,
      11.9,
      10.8,
      13.5,
      11.5,
      13.1,
      13.2,
      11.9,
      11.1,
      10.9,
      11.5,
      9.7,
      10.6,
      11.0,
      10.4,
      11.2,
      10.6,
      11.4
    ]
  }
}