{
  "nuc2:power": {
    "time": [
      0.031,
      1.139,
      2.171,
      3.21,
      4.333,
      5.411,
      6.439,
      7.484,
      8.519,
      9.632,
      10.672,
      11.706,
      12.806,
      13.854,
      15.002,
      16.071,
      17.098,
      18.147,
      19.315,
      20.341,
      21.37,
      22.47,
      23.494,
      24.537,
      25.563,
      26.589,
      27.63,
      28.656,
      29.693
    ],
    "val": [
      8836.0,
      8836.0,
      9174.0,
      9174.0,
      9324.0,
      9324.0,
      9042.0,
      9042.0,
      8986.0,
      8986.0,
      9287.0,
      9287.0,
      9306.0,
      9306.0,
      9287.0,
      9287.0,
      9287.0,
      9287.0,
      9118.0,
      9118.0,
      9287.0,
      9287.0,
      9287.0,
      9005.0,
      9005.0,
      8930.0,
      8930.0,
      9005.0,
      9005.0
    ]
  },
  "nuc2:pcks": {
    "time": [
      0.003,
      1.009,
      2.015,
      3.021,
      4.028,
      5.034,
      6.04,
      7.045,
      8.05,
      9.055,
      10.059,
      11.063,
      12.069,
      13.075,
      14.081,
      15.086,
      16.092,
      17.099,
      18.105,
      19.11,
      20.116,
      21.123,
      22.127,
      23.136,
      24.143,
      25.151,
      26.156,
      27.162,
      28.17,
      29.179
    ],
    "val": [
      5576.085084306096,
      9347.158342651483,
      9403.23804251335,
      9257.366613950046,
      9443.3371696222,
      9321.550071980218,
      9283.38383969585,
      9447.257628108608,
      9271.36233993174,
      9459.746680041719,
      9269.794022356342,
      9370.444977742232,
      9343.353243227151,
      9265.288900678313,
      9548.69036284321,
      9194.377198068458,
      9422.923548015562,
      9257.68923879636,
      9339.767190397226,
      9387.949277780335,
      9261.131587537648,
      9485.712224272716,
      9284.529802763602,
      9295.576175724947,
      9412.031619205656,
      9270.199400274323,
      9476.056249302641,
      9266.554370693813,
      9309.10387055175,
      9430.659144111098
    ]
  },
  "nuc2:mbps": {
    "time": [
      0.002,
      1.008,
      2.014,
      3.02,
      4.027,
      5.033,
      6.039,
      7.044,
      8.049,
      9.054,
      10.058,
      11.062,
      12.068,
      13.074,
      14.08,
      15.086,
      16.091,
      17.097,
      18.104,
      19.109,
      20.115,
      21.122,
      22.127,
      23.135,
      24.142,
      25.15,
      26.155,
      27.161,
      28.169,
      29.177
    ],
    "val": [
      62.452152944228274,
      103.90047185656046,
      104.52091183786668,
      102.90262017047753,
      104.96982332351966,
      103.62192816732392,
      103.18595862869604,
      105.02127557774887,
      103.05031046427503,
      105.15222742268742,
      103.04076019887496,
      104.15957156973094,
      103.86521569846761,
      102.98390368204934,
      106.14090361858239,
      102.21333829559579,
      104.73201771206006,
      102.906206389259,
      103.81856479853138,
      104.3560738699155,
      102.94539143660258,
      105.44445257506642,
      103.19810497378856,
      103.33153155421508,
      104.6194121380925,
      103.04827449924797,
      105.336115503541,
      102.99737798643734,
      103.48299009212442,
      104.82923166496997
    ]
  },
  "nuc2:cpu_perc": {
    "time": [
      0.0,
      1.005,
      2.013,
      3.018,
      4.025,
      5.031,
      6.037,
      7.043,
      8.048,
      9.052,
      10.057,
      11.061,
      12.066,
      13.073,
      14.078,
      15.084,
      16.089,
      17.095,
      18.102,
      19.107,
      20.113,
      21.12,
      22.125,
      23.132,
      24.139,
      25.147,
      26.153,
      27.159,
      28.166,
      29.175
    ],
    "val": [
      9.5,
      10.1,
      10.9,
      10.6,
      11.3,
      9.1,
      9.8,
      9.6,
      8.8,
      8.3,
      8.1,
      9.4,
      9.7,
      10.4,
      11.1,
      10.2,
      10.7,
      12.0,
      9.9,
      9.9,
      9.8,
      9.6,
      9.5,
      10.2,
      12.4,
      10.0,
      12.7,
      11.7,
      11.0,
      11.4
    ]
  }
}