{
  "nuc1:mbps": {
    "time": [
      0.001,
      1.003,
      2.006,
      3.008,
      4.011,
      5.014,
      6.016,
      7.019,
      8.021,
      9.024,
      10.027,
      11.029,
      12.034,
      13.036,
      14.039,
      15.042,
      16.045,
      17.048,
      18.05,
      19.053,
      20.055,
      21.058,
      22.06,
      23.062,
      24.065,
      25.067,
      26.069,
      27.072,
      28.075,
      29.078,
      30.08,
      31.082,
      32.084,
      33.086,
      34.089,
      35.091,
      36.094,
      37.097,
      38.1,
      39.102,
      40.105,
      41.108,
      42.11,
      43.113,
      44.116,
      45.118,
      46.121,
      47.124,
      48.126,
      49.129,
      50.132,
      51.134,
      52.137,
      53.14,
      54.143,
      55.145,
      56.148,
      57.15,
      58.152,
      59.154
    ],
    "val": [
      578.1009028945575,
      550.8805447776706,
      532.3020047836338,
      562.6863221042295,
      545.990467877126,
      545.2514104475631,
      531.0819551011056,
      466.86304372069856,
      495.60975672932204,
      527.0886256997225,
      709.1765996276279,
      545.202589704627,
      543.5172825764447,
      549.0894497354412,
      545.4639903824807,
      545.6137397784903,
      545.577739389944,
      545.909594064048,
      543.6433364317022,
      538.0157571667287,
      554.8289100203485,
      539.786911431323,
      551.093217594585,
      546.3319053642457,
      511.21038070362096,
      548.8465568476357,
      577.1699266213714,
      536.4391584649761,
      555.027853202536,
      545.2980237359742,
      541.1349135391093,
      549.2069549283307,
      547.2731934130259,
      546.2349276533453,
      545.6467351333806,
      546.4274643481701,
      533.6676903705153,
      527.0197911914817,
      567.1148008245992,
      554.4829078844733,
      545.3028478789382,
      545.6435264141195,
      546.0624669104382,
      544.9977874597619,
      545.7685207331099,
      545.2420557504762,
      544.789577760733,
      546.0249281586374,
      545.4774368864242,
      545.5839919100553,
      545.7790164943198,
      546.4487262085986,
      543.4447865036896,
      547.2315439654715,
      545.7046412154342,
      545.5235013934393,
      541.3795136847865,
      549.8060831117742,
      467.19711907407344,
      543.6903410454789
    ]
  },
  "nuc1:cpu_perc": {
    "time": [
      0.0,
      1.003,
      2.005,
      3.007,
      4.01,
      5.013,
      6.016,
      7.018,
      8.021,
      9.023,
      10.026,
      11.029,
      12.032,
      13.036,
      14.038,
      15.041,
      16.044,
      17.047,
      18.049,
      19.052,
      20.054,
      21.057,
      22.059,
      23.061,
      24.064,
      25.066,
      26.069,
      27.071,
      28.074,
      29.077,
      30.08,
      31.081,
      32.083,
      33.085,
      34.088,
      35.091,
      36.093,
      37.096,
      38.099,
      39.101,
      40.104,
      41.107,
      42.109,
      43.112,
      44.115,
      45.117,
      46.12,
      47.123,
      48.125,
      49.128,
      50.131,
      51.134,
      52.136,
      53.139,
      54.142,
      55.145,
      56.147,
      57.15,
      58.151,
      59.154
    ],
    "val": [
      51.1,
      56.2,
      55.4,
      58.4,
      38.9,
      42.5,
      49.1,
      53.6,
      52.1,
      60.2,
      47.0,
      43.9,
      42.2,
      45.0,
      45.1,
      39.1,
      44.6,
      50.0,
      48.0,
      59.1,
      47.7,
      54.3,
      44.7,
      48.6,
      46.9,
      54.2,
      54.1,
      41.3,
      43.4,
      51.2,
      63.8,
      39.7,
      52.7,
      54.2,
      45.0,
      46.3,
      52.6,
      57.3,
      41.3,
      38.6,
      43.6,
      36.5,
      36.5,
      34.9,
      36.0,
      34.0,
      44.2,
      39.8,
      34.3,
      39.1,
      49.7,
      33.5,
      44.1,
      50.5,
      38.9,
      42.6,
      51.6,
      52.0,
      51.9,
      54.2
    ]
  },
  "nuc1:power": {
    "time": [
      0.017,
      1.041,
      2.068,
      3.089,
      4.111,
      5.133,
      6.159,
      7.186,
      8.206,
      9.226,
      10.248,
      11.269,
      12.299,
      13.319,
      14.352,
      15.407,
      16.497,
      17.8,
      18.835,
      19.868,
      20.936,
      21.997,
      23.281,
      24.337,
      25.39,
      26.485,
      27.571,
      28.611,
      29.68,
      30.758,
      31.808,
      32.857,
      33.969,
      34.998,
      36.039,
      37.116,
      38.155,
      39.273,
      40.324,
      41.384,
      42.423,
      43.499,
      44.551,
      45.621,
      46.677,
      47.711,
      48.763,
      49.898,
      50.946,
      51.993,
      53.021,
      54.046,
      55.087,
      56.129,
      57.204,
      58.269,
      59.353
    ],
    "val": [
      26338.0,
      27166.0,
      27278.0,
      27391.0,
      24139.0,
      24176.0,
      25436.0,
      25511.0,
      27429.0,
      26282.0,
      24740.0,
      23970.0,
      24346.0,
      22522.0,
      26545.0,
      23819.0,
      23406.0,
      26470.0,
      24759.0,
      28181.0,
      26959.0,
      27015.0,
      26921.0,
      24552.0,
      26263.0,
      28162.0,
      24346.0,
      25568.0,
      27654.0,
      28181.0,
      22334.0,
      23650.0,
      27523.0,
      23481.0,
      25116.0,
      27354.0,
      25248.0,
      25455.0,
      24064.0,
      23913.0,
      23048.0,
      23312.0,
      22804.0,
      22578.0,
      25267.0,
      23462.0,
      23800.0,
      23255.0,
      23518.0,
      25793.0,
      25944.0,
      23725.0,
      23330.0,
      23161.0,
      27166.0,
      25774.0,
      28087.0
    ]
  }
}