{
  "nuc1:mbps": {
    "time": [
      0.002,
      1.007,
      2.012,
      3.017,
      4.023,
      5.028,
      6.034,
      7.04,
      8.046,
      9.052,
      10.058,
      11.063,
      12.067,
      13.073,
      14.078,
      15.085,
      16.092,
      17.098,
      18.105,
      19.111,
      20.117,
      21.123,
      22.127,
      23.134,
      24.14,
      25.145,
      26.15,
      27.156,
      28.162,
      29.168,
      30.174,
      31.18,
      32.184,
      33.188,
      34.194,
      35.2,
      36.205,
      37.211,
      38.216,
      39.222,
      40.228,
      41.234,
      42.239,
      43.245,
      44.251,
      45.256,
      46.262,
      47.268,
      48.273,
      49.279,
      50.283,
      51.288,
      52.291,
      53.297,
      54.304,
      55.311,
      56.317,
      57.323,
      58.33,
      59.337
    ],
    "val": [
      0.09380973154318781,
      0.0013688611590876856,
      0.0018788407552427177,
      0.001369496505879377,
      0.0013682757071983712,
      0.0021796113096186377,
      0.0013685956315822923,
      0.001367315535103048,
      0.0013681161254045894,
      0.001367645057367106,
      0.0013675760292312577,
      0.0013684596616647877,
      0.002183106852606859,
      0.001369526728773609,
      0.001367831111547197,
      0.0013675996859765498,
      0.001366657290342808,
      0.0018759436642140023,
      0.002177365880922507,
      0.0013674230903006485,
      0.001367775030655102,
      0.0013679873843025776,
      0.0013686043942936267,
      0.0013692170885406263,
      0.0021781226151834612,
      0.0013687725302630102,
      0.001368680017909587,
      0.0013680785058514811,
      0.0013682208873034656,
      0.0013675938527304545,
      0.002179330765235724,
      0.0022425951293734265,
      0.0013691232169125802,
      0.0013709539216417539,
      0.0013684171563273998,
      0.0018770588913498587,
      0.0021797616863366265,
      0.0013683392908032793,
      0.001368767985504445,
      0.0013682205629384622,
      0.0013681563416975831,
      0.0013681200172005817,
      0.0021791158850589807,
      0.0013680710470479278,
      0.0013681449900850681,
      0.0013685816763847809,
      0.0013683892534958005,
      0.0013681550443609047,
      0.0021797849423207502,
      0.0013686498323740423,
      0.0018783491914093797,
      0.001370031615809424,
      0.0013711170978330774,
      0.0013690533899676108,
      0.002178194859990329,
      0.00136706194029126,
      0.0013665081158998902,
      0.001367505711957543,
      0.001367530662420503,
      0.002176589060466605
    ]
  },
  "nuc1:cpu_perc": {
    "time": [
      0.0,
      1.005,
      2.01,
      3.015,
      4.02,
      5.026,
      6.031,
      7.038,
      8.044,
      9.05,
      10.056,
      11.062,
      12.066,
      13.07,
      14.076,
      15.082,
      16.089,
      17.096,
      18.102,
      19.109,
      20.115,
      21.121,
      22.126,
      23.131,
      24.137,
      25.143,
      26.148,
      27.154,
      28.16,
      29.166,
      30.172,
      31.178,
      32.183,
      33.186,
      34.192,
      35.198,
      36.203,
      37.209,
      38.214,
      39.22,
      40.226,
      41.231,
      42.237,
      43.243,
      44.249,
      45.254,
      46.26,
      47.266,
      48.271,
      49.277,
      50.282,
      51.286,
      52.29,
      53.295,
      54.301,
      55.308,
      56.315,
      57.321,
      58.327,
      59.334
    ],
    "val": [
      1.6,
      2.2,
      5.5,
      1.0,
      0.8,
      0.8,
      0.8,
      0.8,
      1.3,
      1.5,
      1.5,
      2.3,
      5.8,
      1.3,
      0.8,
      1.3,
      1.5,
      1.3,
      0.8,
      2.3,
      1.2,
      1.5,
      7.5,
      1.5,
      1.2,
      1.0,
      1.3,
      1.0,
      1.0,
      1.0,
      1.0,
      1.0,
      4.0,
      4.0,
      0.8,
      0.5,
      1.3,
      1.2,
      1.0,
      0.8,
      1.0,
      1.0,
      2.5,
      5.5,
      1.0,
      0.5,
      1.0,
      1.0,
      0.8,
      1.3,
      3.0,
      1.0,
      2.5,
      4.8,
      1.0,
      0.8,
      1.0,
      0.8,
      1.3,
      0.8
    ]
  },
  "nuc1:power": {
    "time": [
      0.081,
      1.116,
      2.15,
      3.189,
      4.24,
      5.311,
      6.346,
      7.372,
      8.395,
      9.44,
      10.469,
      11.492,
      12.518,
      13.573,
      14.604,
      15.633,
      16.665,
      17.727,
      18.823,
      19.852,
      20.927,
      22.025,
      23.051,
      24.09,
      25.136,
      26.235,
      27.265,
      28.289,
      29.311,
      30.337,
      31.365,
      32.403,
      33.441,
      34.472,
      35.5,
      36.523,
      37.548,
      38.581,
      39.607,
      40.633,
      41.656,
      42.714,
      43.76,
      44.822,
      45.872,
      46.9,
      47.934,
      48.965,
      50.004,
      51.028,
      52.055,
      53.088,
      54.113,
      55.324,
      56.353,
      57.388,
      58.432,
      59.473
    ],
    "val": [
      7576.0,
      7576.0,
      8460.0,
      8460.0,
      8460.0,
      7162.0,
      7162.0,
      7745.0,
      7745.0,
      7670.0,
      7670.0,
      7670.0,
      7670.0,
      7670.0,
      7520.0,
      7520.0,
      7595.0,
      7595.0,
      7595.0,
      7764.0,
      7764.0,
      7783.0,
      7783.0,
      7614.0,
      7614.0,
      7482.0,
      7482.0,
      7482.0,
      7426.0,
      7426.0,
      7708.0,
      7708.0,
      9343.0,
      9343.0,
      9343.0,
      7407.0,
      7407.0,
      7275.0,
      7275.0,
      7275.0,
      7332.0,
      7332.0,
      9099.0,
      9099.0,
      7501.0,
      7501.0,
      7501.0,
      6993.0,
      6993.0,
      7764.0,
      7764.0,
      9136.0,
      9136.0,
      9136.0,
      7708.0,
      7708.0,
      7745.0,
      7745.0
    ]
  }
}