{
  "nuc1:mbps": {
    "time": [
      0.001,
      1.004,
      2.005,
      3.008,
      4.011,
      5.012,
      6.015,
      7.017,
      8.02,
      9.021,
      10.024,
      11.026,
      12.028,
      13.03,
      14.032,
      15.035,
      16.038,
      17.04,
      18.042,
      19.044,
      20.046,
      21.048,
      22.051,
      23.053,
      24.056,
      25.058,
      26.06,
      27.062,
      28.065,
      29.067,
      30.069,
      31.071,
      32.074,
      33.076,
      34.079,
      35.08,
      36.082,
      37.084,
      38.087,
      39.09,
      40.093,
      41.095,
      42.098,
      43.1,
      44.103,
      45.105,
      46.107,
      47.11,
      48.113,
      49.115,
      50.118,
      51.121,
      52.124,
      53.126,
      54.129,
      55.131,
      56.132,
      57.135,
      58.137,
      59.139
    ],
    "val": [
      466.02524626697175,
      622.7375143161137,
      630.4996622362133,
      637.8275087311424,
      576.7960665821994,
      726.9641622199935,
      729.0830315233525,
      683.8968649899809,
      685.790870668909,
      649.9831977641987,
      663.6465751138908,
      692.0165747673976,
      650.5553237122713,
      849.3336379213476,
      697.0705045385907,
      629.961300998435,
      604.6754192808039,
      674.3849725360217,
      602.7092733635506,
      516.875807070345,
      542.4438101862878,
      578.3979560952769,
      591.1374927115723,
      547.5670167824622,
      541.4098339896819,
      534.3797507726933,
      532.5078929412754,
      630.1493577207368,
      575.7710215407341,
      607.5953056610999,
      674.574190648301,
      783.9360711954158,
      677.7925000591413,
      709.3019593804289,
      776.2223296555221,
      775.8159418815542,
      659.3874899758466,
      670.812448059232,
      665.3014101398097,
      633.7346407702356,
      670.1061802399549,
      710.075423318248,
      738.2135892318778,
      739.2995584116098,
      634.0757748627939,
      682.93478394615,
      682.7962485381476,
      703.4089997902595,
      711.8275930711557,
      698.3615556762799,
      729.0652671838816,
      647.6552961874407,
      619.3914373992233,
      656.3058858620504,
      589.5126301541846,
      596.5732814867846,
      641.2320583610355,
      609.3632149883816,
      658.3402259204486,
      595.4840485305896
    ]
  },
  "nuc1:cpu_perc": {
    "time": [
      0.0,
      1.003,
      2.005,
      3.007,
      4.01,
      5.011,
      6.014,
      7.016,
      8.019,
      9.021,
      10.023,
      11.026,
      12.027,
      13.03,
      14.031,
      15.034,
      16.037,
      17.039,
      18.042,
      19.043,
      20.046,
      21.048,
      22.05,
      23.053,
      24.055,
      25.058,
      26.059,
      27.061,
      28.064,
      29.067,
      30.069,
      31.071,
      32.073,
      33.075,
      34.078,
      35.08,
      36.081,
      37.084,
      38.087,
      39.089,
      40.092,
      41.094,
      42.097,
      43.1,
      44.102,
      45.104,
      46.107,
      47.109,
      48.112,
      49.115,
      50.117,
      51.12,
      52.123,
      53.126,
      54.128,
      55.13,
      56.132,
      57.134,
      58.136,
      59.138
    ],
    "val": [
      51.3,
      41.1,
      41.7,
      41.3,
      43.1,
      60.4,
      61.0,
      44.6,
      50.9,
      45.2,
      46.5,
      42.7,
      46.3,
      64.4,
      59.9,
      48.8,
      45.8,
      41.2,
      55.6,
      53.5,
      54.0,
      37.6,
      37.9,
      36.9,
      37.5,
      36.6,
      37.6,
      41.1,
      48.7,
      53.6,
      40.3,
      42.0,
      41.9,
      41.8,
      42.0,
      41.4,
      40.9,
      44.2,
      44.1,
      43.6,
      40.5,
      40.6,
      41.9,
      41.0,
      48.7,
      41.0,
      41.4,
      41.6,
      41.6,
      46.5,
      41.7,
      41.4,
      39.8,
      40.9,
      37.2,
      38.5,
      49.3,
      47.4,
      41.5,
      54.4
    ]
  },
  "nuc1:power": {
    "time": [
      0.02,
      1.04,
      2.059,
      3.1,
      4.12,
      5.138,
      6.16,
      7.18,
      8.201,
      9.221,
      10.245,
      11.265,
      12.287,
      13.307,
      14.329,
      15.353,
      16.375,
      17.402,
      18.5,
      19.539,
      20.579,
      21.602,
      22.678,
      23.704,
      24.734,
      25.757,
      26.88,
      27.902,
      28.924,
      30.007,
      31.039,
      32.341,
      33.368,
      34.395,
      35.424,
      36.45,
      37.505,
      38.526,
      39.548,
      40.57,
      41.625,
      42.656,
      43.78,
      44.801,
      45.827,
      46.851,
      47.954,
      49.057,
      50.084,
      51.107,
      52.131,
      53.393,
      54.437,
      55.498,
      57.029,
      58.06,
      59.121
    ],
    "val": [
      24872.0,
      26996.0,
      24571.0,
      24891.0,
      25116.0,
      29704.0,
      28952.0,
      26583.0,
      26508.0,
      24966.0,
      24891.0,
      25173.0,
      24966.0,
      30155.0,
      28425.0,
      28519.0,
      25304.0,
      25135.0,
      29234.0,
      26714.0,
      26959.0,
      24609.0,
      24252.0,
      23293.0,
      23970.0,
      22372.0,
      24985.0,
      26056.0,
      28914.0,
      25116.0,
      26395.0,
      25756.0,
      25248.0,
      26583.0,
      25417.0,
      25267.0,
      26150.0,
      25192.0,
      25530.0,
      25549.0,
      25624.0,
      25850.0,
      25887.0,
      26056.0,
      24176.0,
      24778.0,
      25135.0,
      26169.0,
      25605.0,
      25380.0,
      23951.0,
      26000.0,
      23688.0,
      24346.0,
      28256.0,
      24966.0,
      24684.0
    ]
  }
}