{
  "nuc1:mbps": {
    "time": [
      0.009,
      1.012,
      2.015,
      3.02,
      4.023,
      5.027,
      6.032,
      7.04,
      8.045,
      9.049,
      10.053,
      11.057,
      12.062,
      13.068,
      14.073,
      15.078,
      16.082,
      17.085,
      18.089,
      19.095,
      20.099,
      21.103,
      22.107,
      23.113,
      24.12,
      25.124,
      26.13,
      27.134,
      28.137,
      29.141,
      30.144,
      31.15,
      32.154,
      33.159,
      34.163,
      35.166,
      36.171,
      37.175,
      38.178,
      39.181,
      40.185,
      41.189,
      42.195,
      43.2,
      44.204,
      45.209,
      46.214,
      47.217,
      48.221,
      49.225,
      50.228,
      51.232,
      52.235,
      53.239,
      54.243,
      55.247,
      56.251,
      57.255,
      58.26,
      59.268
    ],
    "val": [
      114.17151039542016,
      110.27006882343633,
      110.3860358812481,
      109.52775477101832,
      110.30121555661195,
      110.30241225624306,
      110.42011656948148,
      110.14914976080274,
      107.94612260629194,
      112.1890861130405,
      109.81631220694011,
      110.26820972547071,
      110.3479021283562,
      110.0900426981911,
      107.80827876889647,
      112.03419179849723,
      110.2014733647756,
      110.52125012749258,
      110.15440913359856,
      110.05808816711428,
      109.83172405630526,
      110.4741445573525,
      110.05414822488844,
      110.33895039570504,
      110.2801242378936,
      110.03116538115799,
      109.36111586019845,
      109.9290836019673,
      110.46173870869644,
      110.60308202956823,
      109.44428775216535,
      110.27426713052361,
      110.15693581265235,
      110.13707591961851,
      110.19456739990189,
      109.81505542064637,
      110.44845708661396,
      110.5366416590048,
      110.25568061882655,
      109.64235594959577,
      110.38243787621816,
      110.17567084380272,
      110.31358996967433,
      109.25663691945518,
      110.26303054040672,
      110.3286622727692,
      110.37166446509272,
      109.86461487807584,
      110.1935504793056,
      110.48836478750219,
      110.4961920190868,
      109.38895909232689,
      110.21826717082551,
      108.02258406319483,
      110.52381742514194,
      111.59605093149678,
      110.50954736150351,
      110.45749884629362,
      110.1958692943071,
      110.20398424602307
    ]
  },
  "nuc1:cpu_perc": {
    "time": [
      0.0,
      1.011,
      2.014,
      3.018,
      4.022,
      5.026,
      6.03,
      7.037,
      8.043,
      9.047,
      10.052,
      11.055,
      12.06,
      13.065,
      14.071,
      15.076,
      16.081,
      17.084,
      18.088,
      19.092,
      20.098,
      21.101,
      22.105,
      23.111,
      24.117,
      25.122,
      26.128,
      27.132,
      28.135,
      29.139,
      30.143,
      31.148,
      32.152,
      33.157,
      34.162,
      35.166,
      36.169,
      37.174,
      38.177,
      39.18,
      40.184,
      41.188,
      42.194,
      43.198,
      44.203,
      45.207,
      46.212,
      47.216,
      48.22,
      49.223,
      50.227,
      51.23,
      52.234,
      53.238,
      54.241,
      55.246,
      56.25,
      57.253,
      58.258,
      59.265
    ],
    "val": [
      37.4,
      53.9,
      49.1,
      58.0,
      53.7,
      49.9,
      54.4,
      57.4,
      54.5,
      52.9,
      54.6,
      58.2,
      52.0,
      54.0,
      56.5,
      51.4,
      52.0,
      53.0,
      52.6,
      54.6,
      57.5,
      55.9,
      57.7,
      55.2,
      56.7,
      50.1,
      52.5,
      49.7,
      53.4,
      51.7,
      57.9,
      55.4,
      53.2,
      51.2,
      51.2,
      56.5,
      54.3,
      58.1,
      54.8,
      53.6,
      56.5,
      50.8,
      52.3,
      55.6,
      53.1,
      52.8,
      58.4,
      56.1,
      59.0,
      57.1,
      54.6,
      57.6,
      51.9,
      58.2,
      58.2,
      55.1,
      60.0,
      53.4,
      53.0,
      55.3
    ]
  },
  "nuc1:power": {
    "time": [
      0.063,
      1.083,
      2.108,
      3.141,
      4.201,
      5.22,
      6.239,
      7.263,
      8.318,
      9.352,
      10.389,
      11.484,
      12.501,
      13.526,
      14.547,
      15.574,
      16.597,
      17.619,
      18.645,
      19.667,
      20.694,
      21.716,
      22.739,
      23.783,
      24.806,
      25.831,
      26.877,
      27.904,
      28.934,
      29.959,
      31.044,
      32.104,
      33.235,
      34.258,
      35.297,
      36.317,
      37.338,
      38.359,
      39.38,
      40.403,
      41.427,
      42.456,
      43.512,
      44.562,
      45.616,
      46.657,
      47.68,
      48.7,
      49.726,
      50.753,
      51.772,
      52.799,
      53.826,
      54.848,
      55.873,
      56.896,
      57.919,
      58.946
    ],
    "val": [
      7576.0,
      9794.0,
      13160.0,
      13160.0,
      10302.0,
      10302.0,
      10471.0,
      10264.0,
      10264.0,
      10603.0,
      10603.0,
      10020.0,
      10039.0,
      10039.0,
      10170.0,
      10170.0,
      10603.0,
      10603.0,
      9926.0,
      9926.0,
      9907.0,
      11768.0,
      11768.0,
      10095.0,
      10095.0,
      10697.0,
      10697.0,
      10246.0,
      10377.0,
      10377.0,
      10227.0,
      10227.0,
      12708.0,
      10528.0,
      10528.0,
      10227.0,
      10227.0,
      10095.0,
      10095.0,
      10246.0,
      10246.0,
      10170.0,
      10622.0,
      10622.0,
      10302.0,
      10302.0,
      9926.0,
      10020.0,
      10020.0,
      10434.0,
      10434.0,
      10885.0,
      10885.0,
      10039.0,
      10133.0,
      10133.0,
      10264.0,
      10264.0
    ]
  }
}