{
  "nuc1:mbps": {
    "time": [
      0.002,
      1.005,
      2.008,
      3.011,
      4.014,
      5.016,
      6.019,
      7.021,
      8.024,
      9.027,
      10.03,
      11.032,
      12.034,
      13.037,
      14.04,
      15.042,
      16.045,
      17.048,
      18.05,
      19.052,
      20.055,
      21.057,
      22.06,
      23.063,
      24.066,
      25.068,
      26.071,
      27.074,
      28.076,
      29.079,
      30.082,
      31.084,
      32.087,
      33.09,
      34.092,
      35.095,
      36.098,
      37.1,
      38.103,
      39.106,
      40.108,
      41.11,
      42.113,
      43.116,
      44.119,
      45.122,
      46.124,
      47.127,
      48.13,
      49.132,
      50.135,
      51.137,
      52.14,
      53.143,
      54.146,
      55.148,
      56.151,
      57.154,
      58.157,
      59.16
    ],
    "val": [
      583.5147145904386,
      549.2690909282899,
      570.6240867448499,
      612.5549527790446,
      618.7773742681663,
      720.1557356231347,
      853.6091290696334,
      732.8267615455995,
      654.4719665768339,
      646.3506385187128,
      630.1929040608077,
      576.348785636152,
      609.8968085919494,
      694.3151524678539,
      649.0828605080766,
      772.8137643576638,
      654.1306528331492,
      637.0347750367451,
      651.7981694983127,
      581.4685919721597,
      627.0623008871328,
      642.9784830140112,
      651.4604042095033,
      683.1657809423672,
      714.6099151318132,
      698.8913323848939,
      654.1389183041277,
      643.9882372964432,
      664.9185854802669,
      573.8474319549664,
      678.555987235441,
      645.1646667642822,
      590.5629749089095,
      582.2082184767866,
      584.0438496181243,
      549.2683261141896,
      580.6587461847748,
      526.4715272502737,
      451.83881930766256,
      568.0019009426234,
      511.05812527734844,
      601.5495202304202,
      601.6140142988221,
      571.1194793208429,
      563.7988761210852,
      565.6246150922242,
      638.6323062583016,
      584.7676975534346,
      546.9885541959356,
      506.15446323774904,
      472.7276452404873,
      512.840234528047,
      565.9359384468427,
      638.6264453613829,
      611.0360006110176,
      637.802564406513,
      730.775907681827,
      745.7554656559493,
      706.5386773317591,
      636.9122254148014
    ]
  },
  "nuc1:cpu_perc": {
    "time": [
      0.0,
      1.004,
      2.007,
      3.01,
      4.013,
      5.015,
      6.018,
      7.02,
      8.023,
      9.026,
      10.029,
      11.031,
      12.034,
      13.037,
      14.039,
      15.042,
      16.044,
      17.047,
      18.049,
      19.051,
      20.054,
      21.057,
      22.059,
      23.062,
      24.065,
      25.067,
      26.07,
      27.073,
      28.075,
      29.078,
      30.081,
      31.083,
      32.086,
      33.089,
      34.091,
      35.094,
      36.097,
      37.099,
      38.102,
      39.105,
      40.107,
      41.11,
      42.112,
      43.115,
      44.118,
      45.121,
      46.123,
      47.126,
      48.129,
      49.131,
      50.134,
      51.137,
      52.139,
      53.142,
      54.145,
      55.147,
      56.15,
      57.153,
      58.156,
      59.159
    ],
    "val": [
      43.9,
      36.9,
      37.1,
      37.3,
      39.1,
      41.3,
      41.8,
      42.8,
      40.1,
      45.5,
      39.4,
      39.2,
      40.2,
      42.0,
      40.6,
      42.4,
      40.5,
      39.6,
      41.3,
      44.1,
      38.5,
      40.3,
      39.7,
      50.1,
      41.8,
      41.2,
      40.0,
      40.5,
      39.3,
      54.7,
      40.5,
      41.9,
      39.5,
      37.9,
      37.3,
      36.6,
      37.8,
      39.5,
      51.6,
      45.4,
      54.5,
      37.8,
      37.6,
      37.8,
      36.6,
      37.8,
      38.4,
      36.8,
      53.6,
      54.0,
      56.5,
      55.2,
      58.8,
      41.9,
      39.6,
      46.3,
      54.8,
      62.3,
      60.0,
      41.2
    ]
  },
  "nuc1:power": {
    "time": [
      0.078,
      1.141,
      2.254,
      3.275,
      4.297,
      5.32,
      6.342,
      7.368,
      8.391,
      9.413,
      10.444,
      11.475,
      12.508,
      13.536,
      14.558,
      15.581,
      16.602,
      17.631,
      18.657,
      19.69,
      20.714,
      21.737,
      22.832,
      23.857,
      24.881,
      25.903,
      26.933,
      27.967,
      28.988,
      30.013,
      31.035,
      32.088,
      33.125,
      34.155,
      35.179,
      36.201,
      37.25,
      38.277,
      39.297,
      40.329,
      41.383,
      42.402,
      43.429,
      44.494,
      45.542
    ],
    "val": [
      23030.0,
      22127.0,
      22785.0,
      25004.0,
      23932.0,
      24552.0,
      26357.0,
      26150.0,
      24609.0,
      25680.0,
      24722.0,
      23086.0,
      24007.0,
      25304.0,
      25192.0,
      26207.0,
      24609.0,
      24440.0,
      24910.0,
      26414.0,
      24233.0,
      24176.0,
      25041.0,
      26714.0,
      25530.0,
      23970.0,
      24834.0,
      24778.0,
      26959.0,
      27636.0,
      23575.0,
      24684.0,
      23330.0,
      24270.0,
      23706.0,
      24139.0,
      24252.0,
      25944.0,
      25022.0,
      25925.0,
      24646.0,
      24045.0,
      23650.0,
      24082.0,
      24778.0
    ]
  }
}