{
  "nuc1:mbps": {
    "time": [
      0.003,
      1.006,
      2.009,
      3.016,
      4.02,
      5.022,
      6.025,
      7.029,
      8.036,
      9.04,
      10.042,
      11.046,
      12.048,
      13.052,
      14.055,
      15.06,
      16.062,
      17.066,
      18.069,
      19.072,
      20.074,
      21.077,
      22.08,
      23.082,
      24.085,
      25.088,
      26.092,
      27.096,
      28.098,
      29.101,
      30.103,
      31.105,
      32.108,
      33.11,
      34.113,
      35.116,
      36.118,
      37.122,
      38.124,
      39.127,
      40.131,
      41.134,
      42.137,
      43.141,
      44.145,
      45.148,
      46.151,
      47.153,
      48.156,
      49.16,
      50.163,
      51.166,
      52.169,
      53.171,
      54.173,
      55.177,
      56.18,
      57.183,
      58.186,
      59.189
    ],
    "val": [
      90.57884738532628,
      342.83836954818713,
      324.5831181197153,
      331.63380781495823,
      325.4943641836986,
      332.17290123498,
      328.19116004994027,
      325.6835846910828,
      316.718913631349,
      341.51318275701556,
      328.5542395097537,
      328.42155140317004,
      328.47362172932804,
      316.75067296721,
      339.91433091523345,
      326.5110287111848,
      330.29745079097245,
      327.9318373039671,
      314.0077462060659,
      342.5349296624517,
      327.375272024564,
      328.42715027429335,
      312.06101483377864,
      341.6845340652468,
      331.3821874429467,
      328.09031983725043,
      316.0669963428101,
      339.46194520299144,
      328.3428478860707,
      328.9325020924681,
      322.87486641855554,
      333.2170812532882,
      328.2934807809628,
      328.2222052161533,
      313.74306160951573,
      336.6993574697046,
      333.7863123640336,
      317.73856876172135,
      338.7060892047334,
      327.3638338927483,
      316.01946088932056,
      326.8624023006337,
      342.13151016156144,
      327.12075668285905,
      322.1418777450625,
      335.3873708359474,
      328.62402922501656,
      328.32905667614745,
      326.6136836562458,
      322.5895227642939,
      335.1779781391094,
      328.4294400250145,
      322.91666448635857,
      333.5157260495231,
      328.1795107830703,
      326.0373183912172,
      309.59415582373214,
      348.95534714235964,
      324.2079545698029,
      333.3133733112081
    ]
  },
  "nuc1:cpu_perc": {
    "time": [
      0.0,
      1.005,
      2.008,
      3.013,
      4.019,
      5.021,
      6.024,
      7.028,
      8.033,
      9.039,
      10.041,
      11.045,
      12.048,
      13.05,
      14.055,
      15.058,
      16.062,
      17.064,
      18.068,
      19.071,
      20.074,
      21.076,
      22.079,
      23.082,
      24.084,
      25.087,
      26.09,
      27.095,
      28.097,
      29.1,
      30.102,
      31.105,
      32.107,
      33.11,
      34.112,
      35.115,
      36.118,
      37.121,
      38.124,
      39.126,
      40.129,
      41.133,
      42.136,
      43.139,
      44.144,
      45.148,
      46.15,
      47.153,
      48.155,
      49.158,
      50.162,
      51.165,
      52.168,
      53.17,
      54.173,
      55.176,
      56.178,
      57.182,
      58.185,
      59.188
    ],
    "val": [
      45.5,
      43.3,
      37.8,
      44.0,
      49.6,
      43.0,
      43.2,
      39.1,
      45.4,
      44.0,
      41.7,
      44.4,
      39.7,
      43.0,
      46.2,
      40.6,
      44.8,
      46.9,
      44.3,
      34.3,
      37.1,
      39.4,
      46.6,
      45.9,
      31.9,
      28.8,
      37.3,
      35.5,
      38.2,
      32.4,
      37.6,
      48.3,
      42.6,
      33.2,
      47.3,
      40.0,
      35.4,
      36.2,
      38.2,
      34.2,
      45.3,
      51.2,
      39.8,
      37.2,
      42.6,
      42.4,
      44.3,
      43.4,
      39.6,
      43.7,
      41.8,
      47.2,
      42.2,
      39.7,
      33.5,
      39.9,
      47.2,
      38.7,
      48.8,
      46.2
    ]
  },
  "nuc1:power": {
    "time": [
      0.078,
      1.153,
      2.216,
      3.285,
      4.319,
      5.36,
      6.433,
      7.524,
      8.623,
      9.643,
      10.775,
      11.851,
      12.981,
      14.067,
      15.264,
      16.31,
      17.345,
      18.394,
      19.448,
      20.503,
      21.588,
      22.644,
      23.705,
      24.878,
      25.902,
      26.943,
      27.989,
      29.049,
      30.143,
      31.204,
      32.235,
      33.275,
      34.314,
      35.351,
      36.428,
      37.466,
      38.508,
      39.553,
      40.592,
      41.632,
      42.669,
      43.708,
      44.784,
      45.812,
      46.883,
      47.935,
      49.003,
      50.057,
      51.103,
      52.19,
      53.251,
      54.3,
      55.328,
      56.363,
      57.464,
      58.493,
      59.567
    ],
    "val": [
      17728.0,
      20097.0,
      19213.0,
      19138.0,
      20567.0,
      19063.0,
      17427.0,
      18010.0,
      17427.0,
      19852.0,
      22766.0,
      18330.0,
      16826.0,
      16149.0,
      17559.0,
      17653.0,
      17935.0,
      15848.0,
      18555.0,
      18649.0,
      19928.0,
      16938.0,
      19552.0,
      19627.0,
      15622.0,
      15660.0,
      18104.0,
      19796.0,
      19570.0,
      18010.0,
      18236.0,
      19984.0,
      19984.0,
      16581.0,
      19552.0,
      18405.0,
      20172.0,
      18969.0,
      17032.0,
      20379.0,
      18950.0,
      17427.0,
      17747.0,
      17296.0,
      17502.0,
      20228.0,
      18066.0,
      17183.0,
      17860.0,
      21676.0,
      20661.0,
      19138.0,
      18649.0,
      18292.0,
      17690.0,
      17653.0,
      18518.0
    ]
  }
}