{
  "nuc1:mbps": {
    "time": [
      1.987,
      2.992,
      3.995,
      4.999,
      6.002,
      7.007,
      8.011,
      9.014,
      10.017,
      11.02,
      12.023,
      13.026,
      14.029,
      15.034,
      16.039,
      17.043,
      18.046,
      19.048,
      20.052,
      21.055,
      22.058,
      23.062,
      24.068,
      25.071,
      26.074,
      27.077,
      28.079,
      29.082,
      30.085,
      31.087,
      32.09,
      33.092,
      34.096,
      35.099,
      36.102,
      37.104,
      38.107,
      39.11,
      40.112,
      41.116,
      42.12,
      43.125,
      44.13,
      45.132,
      46.135,
      47.136,
      48.139,
      49.142,
      50.144,
      51.148,
      52.151,
      53.155,
      54.158,
      55.161,
      56.164,
      57.167,
      58.169,
      59.173,
      60.176,
      61.179
    ],
    "val": [
      89.74165734901962,
      210.11164391109384,
      227.87763828902163,
      216.13729579657402,
      217.03712408114185,
      224.23653100378203,
      220.5844126478221,
      208.2145156531034,
      230.29028301871708,
      219.29539511567336,
      211.22284758170213,
      227.07900816029758,
      218.8347648154805,
      217.72298537978938,
      221.1307117688049,
      213.4292912737427,
      224.41749497638435,
      210.74172462027906,
      216.9026677691912,
      230.1301675330375,
      219.50403753973296,
      216.13848849592227,
      217.7357123637273,
      223.18123979554176,
      219.2700191809637,
      216.6879640715872,
      220.93595250524336,
      219.4903613686213,
      219.58986537119665,
      219.48674263494414,
      218.9944463767515,
      219.29195873409606,
      215.46632899810325,
      221.70080946207963,
      221.26458425652058,
      214.80125382610325,
      220.31417698656287,
      212.75305299472933,
      229.23726349493484,
      210.36061161228812,
      227.36342169850846,
      220.83376631494193,
      216.54856060052734,
      222.21040777516836,
      218.94108167142002,
      219.35224715206817,
      219.1836207681487,
      220.382749026442,
      219.02323264123712,
      217.59918747943786,
      220.58986995066485,
      214.49185826625384,
      223.484109477516,
      220.04876654242898,
      210.52001946132188,
      225.8434055886325,
      221.64006993679374,
      214.10700622929093,
      220.04800976899756,
      215.19639153735994
    ]
  },
  "nuc1:cpu_perc": {
    "time": [
      1.986,
      2.99,
      3.994,
      4.997,
      6.002,
      7.005,
      8.01,
      9.014,
      10.016,
      11.019,
      12.022,
      13.025,
      14.028,
      15.032,
      16.037,
      17.042,
      18.045,
      19.048,
      20.05,
      21.054,
      22.057,
      23.06,
      24.066,
      25.07,
      26.073,
      27.076,
      28.078,
      29.081,
      30.084,
      31.086,
      32.089,
      33.092,
      34.095,
      35.098,
      36.101,
      37.103,
      38.106,
      39.109,
      40.112,
      41.114,
      42.118,
      43.123,
      44.128,
      45.132,
      46.134,
      47.136,
      48.138,
      49.141,
      50.143,
      51.147,
      52.15,
      53.153,
      54.157,
      55.16,
      56.163,
      57.166,
      58.169,
      59.171,
      60.175,
      61.178
    ],
    "val": [
      58.8,
      55.5,
      58.1,
      57.9,
      60.6,
      59.1,
      57.9,
      58.2,
      62.0,
      53.4,
      54.3,
      56.8,
      55.6,
      59.0,
      59.9,
      60.4,
      55.5,
      55.8,
      54.6,
      62.7,
      66.6,
      63.4,
      58.7,
      55.4,
      53.7,
      29.6,
      36.5,
      37.9,
      38.8,
      39.8,
      40.4,
      40.5,
      46.8,
      44.4,
      41.1,
      41.5,
      42.1,
      40.9,
      44.7,
      42.6,
      41.9,
      40.2,
      45.3,
      45.7,
      42.4,
      42.0,
      34.2,
      41.2,
      44.0,
      36.0,
      34.6,
      44.4,
      39.7,
      37.5,
      39.6,
      42.3,
      42.2,
      41.8,
      44.3,
      43.3
    ]
  },
  "nuc1:power": {
    "time": [
      0.0,
      2.015,
      3.071,
      4.11,
      5.15,
      6.198,
      7.246,
      8.275,
      9.302,
      10.35,
      11.431,
      12.537,
      13.816,
      14.943,
      16.043,
      17.115,
      18.221,
      21.769,
      22.815,
      23.859,
      24.977,
      26.034,
      27.137,
      28.197,
      29.249,
      30.301,
      31.349,
      32.418,
      33.468,
      34.512,
      35.55,
      36.593,
      37.643,
      38.736,
      39.848,
      40.872,
      41.918,
      42.951,
      43.978,
      45.026,
      46.112,
      47.146,
      48.197,
      49.336,
      50.363,
      51.394,
      52.504,
      53.591,
      54.633,
      55.695,
      56.754,
      57.793,
      58.823,
      59.89,
      60.922,
      61.978
    ],
    "val": [
      10716.0,
      12558.0,
      14363.0,
      13818.0,
      13818.0,
      14476.0,
      13348.0,
      14363.0,
      14419.0,
      14419.0,
      13028.0,
      14927.0,
      17333.0,
      12144.0,
      13348.0,
      13348.0,
      12520.0,
      13272.0,
      12238.0,
      14607.0,
      14344.0,
      13799.0,
      13799.0,
      12990.0,
      12238.0,
      12690.0,
      12690.0,
      13874.0,
      14457.0,
      14419.0,
      13949.0,
      13949.0,
      13930.0,
      14062.0,
      12990.0,
      14927.0,
      14927.0,
      13874.0,
      13047.0,
      13103.0,
      13103.0,
      13009.0,
      14344.0,
      14946.0,
      13178.0,
      13178.0,
      15265.0,
      14570.0,
      17897.0,
      14382.0,
      13442.0,
      13442.0,
      13178.0,
      12633.0,
      12633.0,
      12972.0
    ]
  }
}