{
  "nuc1:mbps": {
    "time": [
      0.002,
      1.004,
      2.007,
      3.01,
      4.013,
      5.016,
      6.019,
      7.021,
      8.024,
      9.027,
      10.03,
      11.033,
      12.036,
      13.039,
      14.042,
      15.045,
      16.047,
      17.05,
      18.052,
      19.055,
      20.058,
      21.061,
      22.064,
      23.066,
      24.069,
      25.071,
      26.074,
      27.077,
      28.08,
      29.083,
      30.085,
      31.088,
      32.091,
      33.093,
      34.096,
      35.099,
      36.101,
      37.104,
      38.107,
      39.109,
      40.111,
      41.113,
      42.116,
      43.118,
      44.121,
      45.124,
      46.126,
      47.129,
      48.132,
      49.134,
      50.137,
      51.14,
      52.143,
      53.145,
      54.148,
      55.151,
      56.153,
      57.156,
      58.159,
      59.161
    ],
    "val": [
      492.467103181108,
      518.3185671410685,
      647.1045218464136,
      699.1656231065308,
      698.6692003421186,
      720.058053584091,
      728.7526810894238,
      701.1920244918333,
      607.2390282401175,
      474.70118811551566,
      536.1755119614895,
      565.8137789938215,
      577.4177973777632,
      580.0867511872127,
      635.157350065665,
      646.4031348631722,
      661.09051190808,
      658.8095735524403,
      720.3512515521313,
      671.6055232284275,
      714.1774409078141,
      587.0743680895977,
      592.6655940359856,
      543.2551385780469,
      540.3684500153381,
      542.9076201947835,
      502.9496960475602,
      464.34162474563743,
      553.7315566881507,
      685.8120092234598,
      686.4478045207039,
      667.8959369528953,
      688.505788349034,
      704.6069566856645,
      606.2892349798107,
      632.8190800050638,
      640.0154854196664,
      835.9631843759057,
      707.3824483443684,
      529.1328135404965,
      518.8872198490283,
      472.6080156054684,
      474.95349640275737,
      529.7216574439437,
      624.913536656905,
      620.2743993887533,
      675.2811476908793,
      796.4819940877776,
      702.7645225053295,
      480.01864942935407,
      547.6835133379617,
      629.1824254788913,
      595.9009901851821,
      599.1704381744453,
      514.9767058306478,
      574.8242030515088,
      718.8749150631261,
      729.9207363435763,
      659.2466182084592,
      496.0920578925903
    ]
  },
  "nuc1:cpu_perc": {
    "time": [
      0.0,
      1.004,
      2.006,
      3.009,
      4.012,
      5.015,
      6.018,
      7.021,
      8.024,
      9.026,
      10.029,
      11.032,
      12.035,
      13.038,
      14.041,
      15.044,
      16.047,
      17.05,
      18.052,
      19.054,
      20.057,
      21.06,
      22.063,
      23.066,
      24.068,
      25.071,
      26.073,
      27.076,
      28.079,
      29.082,
      30.084,
      31.087,
      32.09,
      33.092,
      34.095,
      35.098,
      36.1,
      37.103,
      38.106,
      39.108,
      40.111,
      41.113,
      42.115,
      43.118,
      44.12,
      45.123,
      46.126,
      47.128,
      48.131,
      49.134,
      50.136,
      51.139,
      52.142,
      53.144,
      54.147,
      55.15,
      56.152,
      57.155,
      58.158,
      59.16
    ],
    "val": [
      49.4,
      47.2,
      40.2,
      40.5,
      41.5,
      42.2,
      40.8,
      43.0,
      48.8,
      49.1,
      54.5,
      37.6,
      37.3,
      43.6,
      40.1,
      40.7,
      41.0,
      41.1,
      62.1,
      44.2,
      40.4,
      39.6,
      49.9,
      54.4,
      54.7,
      54.0,
      52.8,
      51.3,
      47.2,
      46.6,
      40.7,
      39.2,
      40.2,
      39.5,
      46.4,
      53.8,
      40.1,
      41.7,
      40.7,
      52.9,
      52.9,
      51.2,
      51.8,
      57.0,
      41.6,
      41.2,
      40.2,
      40.5,
      43.8,
      58.2,
      56.8,
      45.6,
      39.7,
      38.0,
      37.0,
      38.7,
      41.6,
      40.9,
      45.6,
      58.8
    ]
  },
  "nuc1:power": {
    "time": [
      0.018,
      1.081,
      2.112,
      3.134,
      4.251,
      5.523,
      6.557,
      7.578,
      8.6,
      9.62,
      10.642,
      11.663,
      12.687,
      13.706,
      14.73,
      15.765,
      16.794,
      17.824,
      18.849,
      19.87,
      20.9,
      21.927,
      22.949,
      23.996,
      25.036,
      26.065,
      27.091,
      28.114,
      29.139,
      30.168,
      31.19,
      32.211,
      33.234,
      34.258,
      35.29,
      36.312,
      37.344,
      38.776,
      39.799,
      40.833,
      41.853,
      42.882,
      43.909,
      46.022,
      47.123,
      48.142,
      49.163,
      50.183,
      51.204,
      52.228,
      53.246,
      54.266,
      55.669,
      56.693,
      57.716,
      58.745,
      59.768
    ],
    "val": [
      28200.0,
      26752.0,
      24853.0,
      25286.0,
      24552.0,
      25154.0,
      26094.0,
      24853.0,
      25192.0,
      27090.0,
      28425.0,
      23312.0,
      24534.0,
      26263.0,
      25079.0,
      23932.0,
      25135.0,
      25680.0,
      29854.0,
      24778.0,
      25098.0,
      25906.0,
      27955.0,
      27880.0,
      28463.0,
      27636.0,
      26865.0,
      25041.0,
      26320.0,
      25154.0,
      25210.0,
      25116.0,
      24872.0,
      26696.0,
      29140.0,
      24891.0,
      26395.0,
      23744.0,
      27410.0,
      26865.0,
      27241.0,
      27448.0,
      27767.0,
      24477.0,
      26526.0,
      25549.0,
      27654.0,
      28576.0,
      25699.0,
      23612.0,
      25173.0,
      22766.0,
      23575.0,
      25643.0,
      24966.0,
      25868.0,
      27955.0
    ]
  }
}