{
  "nuc1:mbps": {
    "time": [
      0.001,
      1.005,
      2.007,
      3.01,
      4.013,
      5.015,
      6.018,
      7.022,
      8.025,
      9.028,
      10.03,
      11.033,
      12.035,
      13.038,
      14.04,
      15.042,
      16.045,
      17.048,
      18.052,
      19.054,
      20.056,
      21.059,
      22.062,
      23.064,
      24.066,
      25.068,
      26.07,
      27.073,
      28.076,
      29.078,
      30.081,
      31.084,
      32.086,
      33.089,
      34.092,
      35.094,
      36.098,
      37.1,
      38.102,
      39.105,
      40.108,
      41.11,
      42.113,
      43.116,
      44.118,
      45.121,
      46.124,
      47.126,
      48.129,
      49.131,
      50.134,
      51.137,
      52.138,
      53.142,
      54.145,
      55.147,
      56.15,
      57.152,
      58.155,
      59.157
    ],
    "val": [
      227.2194185749955,
      451.2994302708661,
      436.9013060365676,
      438.26238841371037,
      433.94405417146396,
      439.45130218622404,
      427.131554211296,
      439.7220127541606,
      425.7832364910867,
      454.97154638196463,
      420.96199423201574,
      452.4919819607221,
      437.9351688607523,
      436.71206565243733,
      437.2802205016896,
      432.4646495557746,
      429.02648790336343,
      444.0491240061474,
      438.728073212051,
      440.0690140818202,
      429.62311869897883,
      445.4670067375504,
      416.9449989735306,
      457.74910661556885,
      433.1005001049118,
      438.41767691185504,
      440.11596303514364,
      437.08916891582516,
      437.8653409985711,
      437.00396254571456,
      427.67059323803136,
      446.17510488044167,
      437.1609467324797,
      436.84336224846965,
      430.3648510609023,
      443.4694350016612,
      436.2199698836383,
      434.34489958626443,
      439.4807907803372,
      436.86095858716476,
      436.68155688002184,
      436.90653578468044,
      436.8807499331004,
      436.8464690916484,
      436.7795393029474,
      436.16594780339295,
      437.0401593449667,
      433.14541424851717,
      438.91788236340807,
      438.2481260376377,
      436.8659391138665,
      436.9160467450645,
      437.5489064922092,
      436.78573813384264,
      436.15283161294406,
      418.2375651967211,
      455.62586479171796,
      436.9374457501592,
      436.64305940811187,
      436.89625435966195
    ]
  },
  "nuc1:cpu_perc": {
    "time": [
      0.0,
      1.004,
      2.006,
      3.009,
      4.012,
      5.014,
      6.017,
      7.02,
      8.024,
      9.027,
      10.029,
      11.032,
      12.035,
      13.037,
      14.04,
      15.041,
      16.044,
      17.047,
      18.05,
      19.053,
      20.056,
      21.058,
      22.061,
      23.063,
      24.065,
      25.068,
      26.069,
      27.072,
      28.075,
      29.077,
      30.08,
      31.083,
      32.086,
      33.088,
      34.091,
      35.094,
      36.097,
      37.099,
      38.102,
      39.104,
      40.107,
      41.11,
      42.112,
      43.115,
      44.118,
      45.121,
      46.124,
      47.126,
      48.128,
      49.13,
      50.133,
      51.136,
      52.138,
      53.141,
      54.144,
      55.146,
      56.149,
      57.151,
      58.154,
      59.156
    ],
    "val": [
      43.3,
      46.8,
      45.7,
      46.3,
      47.1,
      43.7,
      50.0,
      40.6,
      47.5,
      43.8,
      50.0,
      49.1,
      44.6,
      41.7,
      39.2,
      46.6,
      43.8,
      49.7,
      45.1,
      46.0,
      51.3,
      45.4,
      49.2,
      47.0,
      48.4,
      46.7,
      44.7,
      42.7,
      49.5,
      42.5,
      42.6,
      46.3,
      48.0,
      40.0,
      47.2,
      39.2,
      27.1,
      35.1,
      46.7,
      46.1,
      35.4,
      49.5,
      42.0,
      33.6,
      35.9,
      39.7,
      40.7,
      45.7,
      48.7,
      44.8,
      47.0,
      49.4,
      48.5,
      36.6,
      40.0,
      44.1,
      43.1,
      42.1,
      39.3,
      38.9
    ]
  },
  "nuc1:power": {
    "time": [
      0.061,
      1.116,
      2.151,
      3.198,
      4.229,
      5.282,
      6.327,
      7.381,
      8.457,
      9.51,
      10.559,
      11.598,
      12.638,
      13.679,
      14.732,
      15.787,
      16.84,
      17.887,
      18.937,
      19.99,
      21.046,
      22.095,
      23.121,
      24.16,
      25.191
    ],
    "val": [
      24383.0,
      19796.0,
      21920.0,
      21544.0,
      23838.0,
      23236.0,
      25511.0,
      23462.0,
      20830.0,
      22428.0,
      19119.0,
      24834.0,
      23387.0,
      21544.0,
      22409.0,
      22146.0,
      21845.0,
      22842.0,
      22766.0,
      23763.0,
      21563.0,
      21714.0,
      25737.0,
      21338.0,
      25793.0
    ]
  }
}