{
  "nuc2:power": {
    "time": [
      0.023,
      1.047,
      2.068,
      3.095,
      4.119,
      5.142,
      6.172,
      7.19,
      8.221,
      9.239,
      10.263,
      11.281,
      12.301,
      13.321,
      14.339,
      15.357,
      16.376,
      17.398,
      18.42,
      19.445,
      20.534,
      21.556,
      22.58,
      23.606,
      24.628,
      25.652,
      26.679,
      27.701,
      28.725,
      29.748
    ],
    "val": [
      14814.0,
      14814.0,
      13630.0,
      13968.0,
      13968.0,
      12652.0,
      12577.0,
      12577.0,
      14551.0,
      15152.0,
      14964.0,
      14964.0,
      13573.0,
      13780.0,
      13780.0,
      12426.0,
      14118.0,
      14118.0,
      12596.0,
      13667.0,
      13667.0,
      12708.0,
      13648.0,
      13648.0,
      15735.0,
      14494.0,
      14325.0,
      14325.0,
      12596.0,
      12596.0
    ]
  },
  "nuc2:pcks": {
    "time": [
      0.002,
      1.005,
      2.007,
      3.01,
      4.013,
      5.016,
      6.019,
      7.022,
      8.025,
      9.028,
      10.031,
      11.033,
      12.037,
      13.04,
      14.043,
      15.046,
      16.049,
      17.052,
      18.055,
      19.057,
      20.061,
      21.064,
      22.067,
      23.071,
      24.074,
      25.077,
      26.081,
      27.084,
      28.086,
      29.09
    ],
    "val": [
      56429.391164658635,
      46826.051919239275,
      46832.54309286591,
      46814.67427743149,
      46851.508276162174,
      46826.76597398689,
      46820.383311912155,
      46824.016826028914,
      46820.51408274665,
      46822.409574535115,
      46819.02707936853,
      46831.22976307961,
      46827.61529902484,
      46838.77040910164,
      46822.111525682936,
      46835.917725539344,
      46815.55572907577,
      46820.35748863011,
      46839.1827370044,
      46826.61332017169,
      46828.952431302205,
      46826.48123946122,
      46839.577869601366,
      46836.81127083859,
      46814.875498634916,
      46813.735406232336,
      46849.932459954,
      46840.15359206521,
      46848.98043156635,
      46824.28896402969
    ]
  },
  "nuc2:mbps": {
    "time": [
      0.001,
      1.004,
      2.006,
      3.009,
      4.012,
      5.015,
      6.019,
      7.022,
      8.025,
      9.028,
      10.03,
      11.033,
      12.036,
      13.039,
      14.043,
      15.046,
      16.049,
      17.052,
      18.054,
      19.057,
      20.06,
      21.064,
      22.067,
      23.07,
      24.074,
      25.077,
      26.08,
      27.083,
      28.086,
      29.09
    ],
    "val": [
      624.085483848996,
      519.4336879833659,
      519.4750813611122,
      519.3086703301285,
      519.6832576086957,
      519.4828879916907,
      519.3938744101016,
      519.5524718152218,
      519.3944001580073,
      519.4359783187529,
      519.5449775212786,
      519.6553876862197,
      519.2601626527135,
      519.6032279443898,
      519.4418561424366,
      519.6087729613992,
      519.3924769030383,
      519.445870314698,
      519.6023692896084,
      519.4763772634758,
      519.4617723487702,
      519.4335750548682,
      519.4495710738945,
      519.6464675162978,
      519.4072159758973,
      519.3869913696468,
      519.55018452965,
      519.5190413312592,
      519.5757625822639,
      519.3714287261516
    ]
  },
  "nuc2:cpu_perc": {
    "time": [
      0.0,
      1.003,
      2.006,
      3.008,
      4.012,
      5.014,
      6.018,
      7.021,
      8.024,
      9.027,
      10.03,
      11.032,
      12.035,
      13.039,
      14.042,
      15.045,
      16.048,
      17.051,
      18.054,
      19.056,
      20.059,
      21.063,
      22.066,
      23.069,
      24.073,
      25.076,
      26.079,
      27.083,
      28.085,
      29.088
    ],
    "val": [
      5.9,
      3.3,
      3.6,
      5.4,
      7.9,
      8.2,
      9.6,
      10.2,
      5.9,
      10.1,
      9.2,
      10.9,
      13.2,
      13.8,
      14.6,
      15.9,
      13.9,
      13.5,
      13.0,
      16.3,
      17.6,
      20.3,
      16.8,
      15.8,
      19.3,
      18.8,
      19.8,
      20.8,
      22.0,
      23.8
    ]
  }
}