{
  "nuc2:power": {
    "time": [
      0.022,
      1.044,
      2.066,
      3.087,
      4.112,
      5.139,
      6.18,
      7.201,
      8.22,
      9.242,
      10.268,
      11.287,
      12.315,
      13.346,
      14.364,
      15.387,
      16.411,
      17.435,
      18.459,
      19.486,
      20.506,
      21.531,
      22.554,
      23.578,
      24.603,
      25.625,
      26.652,
      27.676,
      28.702,
      29.722
    ],
    "val": [
      11129.0,
      11129.0,
      10358.0,
      10358.0,
      10565.0,
      13912.0,
      13912.0,
      13836.0,
      13517.0,
      13517.0,
      13310.0,
      13442.0,
      13442.0,
      13705.0,
      14043.0,
      14043.0,
      13874.0,
      13611.0,
      13611.0,
      11430.0,
      11430.0,
      10810.0,
      11054.0,
      11054.0,
      10772.0,
      10772.0,
      12201.0,
      12201.0,
      13517.0,
      13197.0
    ]
  },
  "nuc2:pcks": {
    "time": [
      0.002,
      1.007,
      2.011,
      3.016,
      4.02,
      5.023,
      6.025,
      7.028,
      8.031,
      9.033,
      10.036,
      11.038,
      12.041,
      13.044,
      14.047,
      15.049,
      16.052,
      17.054,
      18.058,
      19.062,
      20.066,
      21.07,
      22.074,
      23.078,
      24.081,
      25.085,
      26.088,
      27.091,
      28.094,
      29.097
    ],
    "val": [
      19764.18602745339,
      18970.6955825055,
      18927.720437315154,
      18957.537853273294,
      18971.359010683787,
      19239.84889507888,
      19269.02243237498,
      19258.93125690477,
      19279.79984899738,
      19260.16819578191,
      19288.735194284076,
      19282.450184284196,
      19280.588084815314,
      19276.077771070486,
      19284.54839954657,
      19272.523743312584,
      19278.91449549261,
      19260.052267097606,
      19154.50803757045,
      18942.637120700823,
      18971.654861206072,
      18960.909464067583,
      18955.67142955222,
      18962.632499646126,
      18972.9364192382,
      18959.683587543128,
      19123.953933595425,
      19250.20628691962,
      19141.851367016072,
      19196.396521934195
    ]
  },
  "nuc2:mbps": {
    "time": [
      0.002,
      1.006,
      2.01,
      3.015,
      4.019,
      5.022,
      6.025,
      7.028,
      8.03,
      9.033,
      10.036,
      11.038,
      12.041,
      13.043,
      14.046,
      15.049,
      16.052,
      17.054,
      18.058,
      19.061,
      20.065,
      21.069,
      22.073,
      23.077,
      24.081,
      25.085,
      26.088,
      27.091,
      28.094,
      29.097
    ],
    "val": [
      216.06551890186438,
      207.94713276479888,
      207.78200793471603,
      207.90966817251274,
      207.9284376626545,
      208.0582809945851,
      207.91502790626444,
      208.0827886511949,
      208.09694755603707,
      207.94060196778767,
      208.02235939883298,
      208.0867058070178,
      207.96888228123268,
      208.05019961411847,
      208.02524320930297,
      207.9468240537461,
      208.07582396941916,
      208.07537974132015,
      207.92260836576529,
      207.76038082907064,
      208.03048757469955,
      207.88241834778972,
      207.8055575934507,
      207.92091817810768,
      207.9227267015487,
      207.83852206332372,
      208.1211359332058,
      207.8720690427524,
      207.9966552136455,
      207.92075952499798
    ]
  },
  "nuc2:cpu_perc": {
    "time": [
      0.0,
      1.005,
      2.009,
      3.014,
      4.018,
      5.022,
      6.024,
      7.027,
      8.03,
      9.032,
      10.035,
      11.037,
      12.04,
      13.043,
      14.045,
      15.048,
      16.051,
      17.054,
      18.057,
      19.06,
      20.064,
      21.068,
      22.072,
      23.076,
      24.08,
      25.084,
      26.087,
      27.09,
      28.093,
      29.096
    ],
    "val": [
      7.8,
      8.8,
      13.7,
      4.5,
      8.9,
      2.4,
      2.1,
      2.1,
      1.9,
      1.9,
      1.6,
      1.9,
      1.6,
      1.3,
      2.1,
      1.3,
      2.1,
      2.1,
      1.3,
      6.4,
      2.7,
      3.6,
      5.4,
      6.0,
      5.4,
      6.7,
      9.8,
      15.1,
      12.3,
      18.4
    ]
  }
}