{
  "nuc2:power": {
    "time": [
      0.017,
      1.106,
      2.135,
      3.158,
      4.181,
      5.207,
      6.345,
      7.379,
      8.398,
      9.422,
      10.441,
      11.467,
      12.487,
      13.511,
      14.535,
      15.557,
      16.579,
      17.607,
      18.627,
      19.647,
      20.668,
      21.691,
      22.709,
      23.729,
      24.748,
      25.772,
      26.797,
      27.857,
      28.882,
      29.901
    ],
    "val": [
      15754.0,
      15829.0,
      15698.0,
      15698.0,
      15566.0,
      15848.0,
      15754.0,
      15547.0,
      15547.0,
      15340.0,
      15340.0,
      15246.0,
      15246.0,
      15886.0,
      15679.0,
      12878.0,
      12878.0,
      13385.0,
      13178.0,
      13178.0,
      13630.0,
      15698.0,
      15660.0,
      15660.0,
      16374.0,
      15886.0,
      15622.0,
      13705.0,
      13705.0,
      15040.0
    ]
  },
  "nuc2:pcks": {
    "time": [
      0.001,
      1.004,
      2.007,
      3.01,
      4.013,
      5.016,
      6.019,
      7.022,
      8.024,
      9.027,
      10.03,
      11.032,
      12.035,
      13.037,
      14.04,
      15.043,
      16.045,
      17.048,
      18.051,
      19.054,
      20.056,
      21.059,
      22.062,
      23.065,
      24.068,
      25.071,
      26.074,
      27.077,
      28.08,
      29.083
    ],
    "val": [
      63120.91684352692,
      56115.368642855035,
      56090.7829480214,
      56109.78322939615,
      56128.36795658191,
      56111.53726301262,
      56084.05129185438,
      56111.09363503288,
      56132.053298570434,
      56113.41808764791,
      56103.63922960528,
      56130.17523376045,
      56111.79406508604,
      56124.83092489604,
      56090.895771625546,
      56125.605555320435,
      56130.457453388306,
      56120.776574886,
      56131.58606499972,
      56135.91406192798,
      56108.97836398958,
      56127.99802206632,
      56121.28003978072,
      56106.221397024245,
      56103.680828233184,
      56112.37084774048,
      56161.19054893598,
      56127.26449053482,
      56127.68867357756,
      56126.182299561784
    ]
  },
  "nuc2:mbps": {
    "time": [
      0.001,
      1.004,
      2.007,
      3.01,
      4.013,
      5.016,
      6.018,
      7.021,
      8.024,
      9.027,
      10.029,
      11.032,
      12.034,
      13.037,
      14.04,
      15.042,
      16.045,
      17.048,
      18.05,
      19.053,
      20.056,
      21.059,
      22.062,
      23.065,
      24.068,
      25.07,
      26.073,
      27.077,
      28.079,
      29.082
    ],
    "val": [
      701.308992802624,
      623.2482786634527,
      623.2130300938327,
      623.2995029421892,
      623.4807780195266,
      623.3738668663773,
      623.4279965632974,
      623.2986838826283,
      623.3366478784257,
      623.3642546967304,
      623.2894323691702,
      623.3343670590062,
      623.3980848404824,
      623.4696798596364,
      623.1751620965371,
      623.4012300354868,
      623.4360100274218,
      623.2053147329616,
      623.4671274316208,
      623.3547906040787,
      623.2473707240025,
      623.4179756154479,
      623.4213869567667,
      623.3353574526271,
      623.3109807091233,
      623.3354130723933,
      623.5060590908716,
      623.2239722589238,
      623.3871705716724,
      623.4349329367808
    ]
  },
  "nuc2:cpu_perc": {
    "time": [
      0.0,
      1.003,
      2.006,
      3.009,
      4.012,
      5.015,
      6.018,
      7.021,
      8.023,
      9.026,
      10.029,
      11.031,
      12.034,
      13.037,
      14.039,
      15.042,
      16.045,
      17.047,
      18.05,
      19.053,
      20.055,
      21.058,
      22.061,
      23.064,
      24.067,
      25.07,
      26.073,
      27.076,
      28.079,
      29.082
    ],
    "val": [
      19.0,
      19.1,
      19.4,
      20.3,
      19.0,
      20.1,
      20.1,
      20.7,
      21.7,
      20.4,
      20.5,
      21.3,
      20.7,
      19.5,
      19.2,
      21.8,
      20.9,
      20.2,
      18.3,
      18.0,
      17.6,
      9.6,
      7.3,
      7.7,
      10.0,
      5.9,
      5.1,
      6.9,
      9.1,
      9.6
    ]
  }
}