{
  "nuc2:power": {
    "time": [
      0.022,
      1.046,
      3.12,
      4.153,
      5.176,
      6.199,
      7.23,
      8.252,
      9.273,
      10.296,
      11.319,
      12.369,
      13.404,
      14.426,
      15.444,
      16.498,
      17.533,
      18.557,
      19.579
    ],
    "val": [
      12220.0,
      11092.0,
      10998.0,
      10998.0,
      10678.0,
      10452.0,
      10452.0,
      14043.0,
      13930.0,
      13930.0,
      13404.0,
      14024.0,
      14024.0,
      13799.0,
      13554.0,
      13554.0,
      13122.0,
      13648.0,
      13648.0
    ]
  },
  "nuc2:pcks": {
    "time": [
      0.002,
      1.005,
      2.01,
      3.014,
      4.018,
      5.022,
      6.025,
      7.028,
      8.031,
      9.033,
      10.036,
      11.039,
      12.042,
      13.045,
      14.048,
      15.05,
      16.054,
      17.057,
      18.06,
      19.063,
      20.066,
      21.069,
      22.074,
      23.077,
      24.081,
      25.084,
      26.087,
      27.091,
      28.094,
      29.097
    ],
    "val": [
      26290.60465116279,
      18921.783053068346,
      18962.1901287304,
      18972.289591032702,
      18962.299051787017,
      18945.300087902047,
      18932.001717574076,
      19193.405911164024,
      19254.254328195817,
      19260.20903430962,
      19273.906037191096,
      19273.578640296662,
      19202.820774714004,
      19243.82765701692,
      19124.15696990185,
      19123.994984508958,
      19214.488276111304,
      19196.01564871808,
      19211.96128998504,
      19203.79616353788,
      19213.202440106117,
      19161.865268815593,
      18942.039272032245,
      18954.731400137058,
      18973.727424800025,
      18977.808419845296,
      18954.975473107894,
      18968.266550207216,
      18968.214206740115,
      18959.566449169826
    ]
  },
  "nuc2:mbps": {
    "time": [
      0.001,
      1.005,
      2.009,
      3.013,
      4.018,
      5.021,
      6.025,
      7.028,
      8.03,
      9.033,
      10.036,
      11.039,
      12.042,
      13.045,
      14.047,
      15.05,
      16.053,
      17.056,
      18.059,
      19.062,
      20.065,
      21.069,
      22.073,
      23.077,
      24.08,
      25.083,
      26.087,
      27.09,
      28.093,
      29.097
    ],
    "val": [
      290.6506359069768,
      207.76590064670032,
      207.87404503608795,
      207.94722399595435,
      207.8095412283005,
      207.98816703951888,
      207.83748629534907,
      207.98921704788623,
      208.0310735456468,
      208.09250893656179,
      207.92002747398598,
      208.02353593847675,
      207.9736590782933,
      207.998375803597,
      207.92311901459576,
      208.06948002220807,
      208.03770975568196,
      207.95186399077676,
      207.94330278413605,
      208.02226444136846,
      207.96940546449528,
      207.96866477204316,
      207.90527300667614,
      207.86814946615877,
      208.0027289121932,
      207.85546847765963,
      207.78919632193882,
      208.01015086133452,
      207.85759098599175,
      207.82027390713623
    ]
  },
  "nuc2:cpu_perc": {
    "time": [
      0.0,
      1.004,
      2.008,
      3.012,
      4.016,
      5.021,
      6.024,
      7.027,
      8.03,
      9.032,
      10.035,
      11.038,
      12.041,
      13.044,
      14.046,
      15.05,
      16.052,
      17.055,
      18.058,
      19.062,
      20.065,
      21.068,
      22.072,
      23.076,
      24.079,
      25.082,
      26.086,
      27.089,
      28.093,
      29.096
    ],
    "val": [
      5.8,
      8.0,
      8.1,
      7.0,
      7.4,
      9.3,
      4.7,
      3.7,
      2.1,
      3.4,
      6.8,
      7.8,
      9.8,
      11.5,
      10.9,
      13.3,
      18.3,
      17.5,
      18.2,
      18.4,
      17.9,
      16.2,
      15.6,
      16.9,
      14.9,
      15.2,
      18.1,
      16.5,
      15.9,
      14.6
    ]
  }
}