{
  "nuc2:power": {
    "time": [
      0.047,
      1.07,
      2.099,
      3.122,
      4.146,
      5.167,
      6.196,
      7.215,
      8.238,
      9.265,
      10.285,
      11.342,
      12.371,
      13.397,
      14.423,
      15.445,
      16.466,
      17.486,
      18.513,
      19.535,
      20.56,
      21.583,
      22.607,
      23.628,
      24.656,
      25.678,
      26.705,
      27.725,
      28.753,
      29.808
    ],
    "val": [
      9813.0,
      12332.0,
      12332.0,
      12915.0,
      12915.0,
      11374.0,
      12596.0,
      12596.0,
      13141.0,
      12483.0,
      12483.0,
      11430.0,
      11430.0,
      12332.0,
      12351.0,
      12351.0,
      12840.0,
      12840.0,
      12426.0,
      12502.0,
      12502.0,
      12671.0,
      12840.0,
      12840.0,
      13254.0,
      12859.0,
      12859.0,
      13329.0,
      13329.0,
      12690.0
    ]
  },
  "nuc2:pcks": {
    "time": [
      0.002,
      1.005,
      2.008,
      3.011,
      4.015,
      5.018,
      6.02,
      7.023,
      8.026,
      9.029,
      10.032,
      11.036,
      12.039,
      13.042,
      14.045,
      15.048,
      16.051,
      17.055,
      18.058,
      19.061,
      20.063,
      21.066,
      22.069,
      23.072,
      24.076,
      25.079,
      26.082,
      27.085,
      28.086,
      29.089
    ],
    "val": [
      9751.927458730528,
      10042.605253109712,
      10164.466054010338,
      10031.496591305571,
      10060.258970520394,
      10080.261733899622,
      10151.452950060097,
      10125.221630738994,
      10149.010739198467,
      10111.33355932687,
      10166.51720229719,
      9949.832629571678,
      10054.994552956367,
      10054.6512496898,
      10036.428898732534,
      10021.2563752647,
      10035.95890996109,
      10037.601525912807,
      10106.011922042515,
      10103.940906849939,
      10121.57232821311,
      10143.531761888398,
      10134.574653118687,
      10044.26391607933,
      10146.090752811353,
      10132.686132989928,
      9983.224514182963,
      10168.99781098433,
      10192.872191097835,
      10109.725401754125
    ]
  },
  "nuc2:mbps": {
    "time": [
      0.001,
      1.004,
      2.007,
      3.01,
      4.014,
      5.017,
      6.019,
      7.022,
      8.025,
      9.028,
      10.031,
      11.035,
      12.039,
      13.042,
      14.045,
      15.048,
      16.051,
      17.054,
      18.057,
      19.06,
      20.063,
      21.066,
      22.069,
      23.072,
      24.075,
      25.078,
      26.081,
      27.085,
      28.086,
      29.089
    ],
    "val": [
      101.63403072189192,
      104.22419633337951,
      104.23658542443667,
      104.15785750598221,
      104.13084019642238,
      104.26742021396218,
      104.19948554541223,
      104.24051396479395,
      104.21417365520804,
      104.21289754349083,
      104.23227494466207,
      104.10675544735095,
      104.1742447645653,
      104.18374195910211,
      104.17517268800013,
      104.15497166605682,
      104.1743781189795,
      104.24844417877668,
      104.20565805047721,
      104.19916084793745,
      104.21279343031814,
      104.17045028592085,
      104.22844871650182,
      104.14725314965159,
      104.3018288887388,
      104.21435387600023,
      104.12821953634781,
      104.24406681131484,
      104.2371039127767,
      104.16732243478756
    ]
  },
  "nuc2:cpu_perc": {
    "time": [
      0.0,
      1.004,
      2.006,
      3.009,
      4.013,
      5.016,
      6.019,
      7.022,
      8.025,
      9.028,
      10.031,
      11.034,
      12.038,
      13.041,
      14.044,
      15.047,
      16.05,
      17.053,
      18.056,
      19.059,
      20.062,
      21.065,
      22.068,
      23.071,
      24.074,
      25.077,
      26.081,
      27.084,
      28.086,
      29.088
    ],
    "val": [
      0.8,
      6.3,
      1.6,
      5.1,
      8.3,
      3.1,
      3.3,
      1.3,
      3.1,
      2.9,
      3.6,
      14.1,
      4.8,
      3.9,
      5.3,
      4.6,
      2.8,
      2.1,
      3.1,
      1.3,
      2.3,
      1.6,
      1.3,
      2.1,
      1.3,
      2.3,
      4.9,
      0.8,
      1.8,
      1.3
    ]
  }
}