{
  "nuc2:power": {
    "time": [
      0.033,
      1.097,
      2.138,
      3.162,
      4.192,
      5.248,
      6.275,
      7.329,
      8.357,
      9.41,
      10.675,
      11.737,
      12.803,
      13.85,
      14.877,
      15.902,
      16.995,
      18.051,
      19.075,
      20.102,
      21.149,
      22.175,
      23.231,
      24.257,
      25.281,
      26.339,
      27.579,
      28.6,
      29.628
    ],
    "val": [
      9776.0,
      9776.0,
      9776.0,
      8798.0,
      8798.0,
      9118.0,
      9118.0,
      8817.0,
      8817.0,
      8948.0,
      8948.0,
      8911.0,
      8911.0,
      8930.0,
      8930.0,
      9061.0,
      9061.0,
      9061.0,
      9193.0,
      9193.0,
      9061.0,
      9061.0,
      9061.0,
      9061.0,
      9061.0,
      9061.0,
      9136.0,
      9136.0,
      9174.0
    ]
  },
  "nuc2:pcks": {
    "time": [
      0.002,
      1.008,
      2.014,
      3.02,
      4.026,
      5.031,
      6.036,
      7.041,
      8.047,
      9.053,
      10.058,
      11.064,
      12.07,
      13.075,
      14.081,
      15.087,
      16.093,
      17.1,
      18.107,
      19.113,
      20.119,
      21.126,
      22.132,
      23.138,
      24.144,
      25.15,
      26.155,
      27.161,
      28.166,
      29.169
    ],
    "val": [
      10810.061855670103,
      9354.732739918833,
      9351.659997824425,
      9354.122908301651,
      9350.021305375709,
      9364.603843822306,
      9357.184549225913,
      9298.943649834167,
      9305.91689338813,
      9363.308539305766,
      9332.620231404442,
      9327.517790591195,
      9327.272304279839,
      9340.862999284362,
      9355.568892861462,
      9352.453485304732,
      9350.020254895786,
      9348.3102169229,
      9343.509064811162,
      9349.862958441696,
      9343.752434678998,
      9350.255101704726,
      9352.86358049125,
      9349.120856422804,
      9357.203926040645,
      9348.327934316289,
      9356.558274789655,
      9355.826200762787,
      9351.1746626374,
      9374.91970547651
    ]
  },
  "nuc2:mbps": {
    "time": [
      0.001,
      1.007,
      2.013,
      3.019,
      4.025,
      5.03,
      6.035,
      7.04,
      8.046,
      9.052,
      10.057,
      11.063,
      12.069,
      13.074,
      14.08,
      15.086,
      16.092,
      17.098,
      18.105,
      19.112,
      20.118,
      21.125,
      22.131,
      23.137,
      24.142,
      25.149,
      26.154,
      27.16,
      28.165,
      29.169
    ],
    "val": [
      120.16200022554177,
      103.98491818198102,
      103.95076233336785,
      103.97813944307096,
      103.932044354506,
      104.09514577270049,
      104.02013447013417,
      103.36804827878039,
      103.4376830423959,
      104.08124952251238,
      103.73744599388935,
      103.67997377851566,
      103.67724507674357,
      103.82965666888525,
      103.99421265331914,
      103.95958254587548,
      103.9325353525428,
      103.91352698922101,
      103.86015855813929,
      103.93078688368072,
      103.86286379798936,
      103.93514585215749,
      103.96414106353735,
      103.92253785937798,
      104.01238728172265,
      103.91372393142697,
      104.00521038053533,
      103.99707282493608,
      103.94536746628648,
      104.2093115473735
    ]
  },
  "nuc2:cpu_perc": {
    "time": [
      0.0,
      1.005,
      2.011,
      3.017,
      4.023,
      5.028,
      6.033,
      7.039,
      8.044,
      9.05,
      10.056,
      11.061,
      12.067,
      13.072,
      14.078,
      15.084,
      16.09,
      17.097,
      18.103,
      19.11,
      20.117,
      21.123,
      22.129,
      23.135,
      24.141,
      25.147,
      26.152,
      27.158,
      28.164,
      29.168
    ],
    "val": [
      1.7,
      8.1,
      6.6,
      7.6,
      8.9,
      8.4,
      10.5,
      10.7,
      9.9,
      8.7,
      8.9,
      9.6,
      8.9,
      8.4,
      9.6,
      7.9,
      9.6,
      10.6,
      12.8,
      11.7,
      12.3,
      12.6,
      9.8,
      10.7,
      10.2,
      9.6,
      10.2,
      8.7,
      9.9,
      9.4
    ]
  }
}