{
  "nuc2:power": {
    "time": [
      0.023,
      1.047,
      2.071,
      3.097,
      4.118,
      5.145,
      6.171,
      7.193,
      8.212,
      9.246,
      10.267,
      11.289,
      12.314,
      13.334,
      14.36,
      15.38,
      16.411,
      17.43,
      18.457,
      19.55,
      20.574,
      21.619,
      22.652,
      23.675,
      24.699,
      25.748,
      26.777,
      27.797,
      28.821,
      29.843
    ],
    "val": [
      17465.0,
      17521.0,
      17108.0,
      17108.0,
      17108.0,
      17521.0,
      17333.0,
      17596.0,
      17521.0,
      17145.0,
      17145.0,
      17766.0,
      17014.0,
      17202.0,
      17653.0,
      17502.0,
      17540.0,
      17126.0,
      17126.0,
      17352.0,
      17277.0,
      17596.0,
      17521.0,
      17183.0,
      17427.0,
      17202.0,
      17202.0,
      17653.0,
      17502.0,
      17333.0
    ]
  },
  "nuc2:pcks": {
    "time": [
      0.002,
      1.005,
      2.008,
      3.011,
      4.014,
      5.017,
      6.02,
      7.023,
      8.026,
      9.03,
      10.033,
      11.036,
      12.04,
      13.043,
      14.046,
      15.049,
      16.052,
      17.055,
      18.059,
      19.063,
      20.066,
      21.07,
      22.073,
      23.077,
      24.08,
      25.083,
      26.087,
      27.09,
      28.093,
      29.096
    ],
    "val": [
      81626.2785926565,
      74635.65607370745,
      74643.61089970637,
      74629.97690502852,
      74645.45513790549,
      74641.56779435532,
      74648.01204790059,
      74633.75108826565,
      74654.12583350441,
      74674.6511364128,
      74625.13298666924,
      74655.67551875718,
      74599.36622190886,
      74647.60219331173,
      74251.13418007403,
      74949.28739123583,
      74609.99151053718,
      74657.88093353283,
      74631.36429423909,
      74668.00444093769,
      74644.97227210487,
      74649.60413618425,
      74653.36311172432,
      74624.09517705298,
      74625.55688613077,
      74636.8861309696,
      74636.36551046965,
      74639.76411382508,
      74603.25587527131,
      74644.27918741557
    ]
  },
  "nuc2:mbps": {
    "time": [
      0.001,
      1.004,
      2.007,
      3.01,
      4.013,
      5.016,
      6.019,
      7.023,
      8.026,
      9.029,
      10.033,
      11.036,
      12.039,
      13.042,
      14.046,
      15.049,
      16.052,
      17.055,
      18.058,
      19.062,
      20.066,
      21.069,
      22.073,
      23.076,
      24.079,
      25.083,
      26.086,
      27.089,
      28.092,
      29.096
    ],
    "val": [
      908.5913553124341,
      831.0632811198697,
      831.1395990924967,
      830.9482059737504,
      831.0932146731982,
      831.0613440789115,
      831.1120543276548,
      830.9279749992285,
      831.2060508965276,
      831.2132958417412,
      830.8642098892095,
      831.1640891568421,
      830.8163920001122,
      831.3891202891369,
      827.1273665846085,
      834.8865767274185,
      830.8510901045652,
      831.3384092758326,
      830.8821642239357,
      831.1799665562286,
      831.1501542484953,
      830.979469674651,
      831.0668417987678,
      830.874872955925,
      831.2507536434204,
      830.9733169787843,
      831.03328986249,
      831.143948880246,
      830.9207068620602,
      831.2162067521874
    ]
  },
  "nuc2:cpu_perc": {
    "time": [
      0.0,
      1.004,
      2.007,
      3.01,
      4.013,
      5.016,
      6.018,
      7.022,
      8.025,
      9.028,
      10.032,
      11.035,
      12.038,
      13.042,
      14.045,
      15.048,
      16.051,
      17.054,
      18.057,
      19.061,
      20.065,
      21.068,
      22.072,
      23.075,
      24.079,
      25.082,
      26.085,
      27.089,
      28.092,
      29.095
    ],
    "val": [
      15.6,
      19.1,
      21.4,
      19.3,
      19.1,
      20.0,
      19.6,
      17.6,
      19.5,
      19.5,
      20.3,
      19.3,
      21.2,
      20.7,
      19.5,
      19.6,
      19.8,
      20.8,
      20.2,
      20.4,
      20.8,
      19.1,
      19.4,
      18.7,
      17.1,
      19.0,
      17.6,
      18.2,
      19.5,
      19.3
    ]
  }
}