{
  "nuc2:power": {
    "time": [
      0.031,
      1.074,
      2.108,
      3.126,
      4.15,
      5.175,
      6.198,
      7.257,
      8.28,
      9.303,
      10.327,
      11.355,
      12.375,
      13.401,
      14.423,
      15.445,
      16.467,
      17.488,
      18.508,
      19.532,
      20.552,
      21.571,
      22.59,
      23.611,
      24.637,
      25.655,
      26.676,
      27.701,
      29.047
    ],
    "val": [
      13160.0,
      11524.0,
      11524.0,
      11411.0,
      11411.0,
      11411.0,
      11430.0,
      11430.0,
      11468.0,
      11468.0,
      11355.0,
      11355.0,
      11543.0,
      13423.0,
      13423.0,
      14062.0,
      12163.0,
      12163.0,
      12370.0,
      12370.0,
      11938.0,
      11223.0,
      11223.0,
      12107.0,
      12107.0,
      12295.0,
      12163.0,
      12163.0,
      12220.0
    ]
  },
  "nuc2:pcks": {
    "time": [
      0.002,
      1.007,
      2.011,
      3.015,
      4.018,
      5.023,
      6.026,
      7.03,
      8.034,
      9.038,
      10.042,
      11.046,
      12.051,
      13.055,
      14.059,
      15.063,
      16.066,
      17.069,
      18.072,
      19.076,
      20.08,
      21.084,
      22.088,
      23.092,
      24.096,
      25.1,
      26.103,
      27.106,
      28.11,
      29.114
    ],
    "val": [
      30462.792132746647,
      28337.813601900336,
      28331.21544151301,
      28341.10984154964,
      28331.27327675508,
      28322.986374862267,
      28321.0238777024,
      28333.955279796963,
      28328.248224642826,
      28322.214161342494,
      28355.286898152455,
      28335.785662131304,
      28321.088362820523,
      28318.608498106816,
      28318.6914379487,
      28309.658033484655,
      28347.561745038045,
      28320.927856707654,
      28341.265581592066,
      28335.191238038205,
      28312.094394461958,
      28301.01867819231,
      28336.21098706548,
      28314.175887209978,
      28347.988563500523,
      28329.465253757222,
      28343.218722003945,
      28337.74408519739,
      28344.81972577749,
      28340.571938496832
    ]
  },
  "nuc2:mbps": {
    "time": [
      0.002,
      1.006,
      2.01,
      3.014,
      4.018,
      5.022,
      6.026,
      7.03,
      8.034,
      9.038,
      10.042,
      11.046,
      12.05,
      13.054,
      14.058,
      15.062,
      16.065,
      17.069,
      18.072,
      19.075,
      20.079,
      21.083,
      22.088,
      23.091,
      24.095,
      25.099,
      26.102,
      27.106,
      28.11,
      29.113
    ],
    "val": [
      337.33384227068865,
      311.7552570391807,
      311.835431169889,
      311.7480175412469,
      311.8832523365424,
      311.7509397116912,
      311.77010016898356,
      311.72412129015123,
      311.7761238511203,
      311.77654255726685,
      311.92197004487514,
      311.8085236601503,
      311.7290048814048,
      311.7565135881659,
      311.79252605772126,
      311.75824774319517,
      311.8836135979012,
      311.7743155791833,
      311.7727531210668,
      311.8735344056689,
      311.7091345525473,
      311.7077245156028,
      311.82847700637336,
      311.83764323840614,
      311.7916560297658,
      311.79837632993014,
      311.8344505767479,
      311.72591497544084,
      311.81001849516264,
      311.81925135563984
    ]
  },
  "nuc2:cpu_perc": {
    "time": [
      0.0,
      1.005,
      2.009,
      3.013,
      4.017,
      5.021,
      6.025,
      7.029,
      8.033,
      9.037,
      10.041,
      11.045,
      12.049,
      13.053,
      14.057,
      15.061,
      16.064,
      17.068,
      18.071,
      19.075,
      20.078,
      21.082,
      22.087,
      23.091,
      24.094,
      25.098,
      26.102,
      27.105,
      28.109,
      29.112
    ],
    "val": [
      9.4,
      4.6,
      4.0,
      4.8,
      4.5,
      4.1,
      8.1,
      10.7,
      9.9,
      14.0,
      13.1,
      14.2,
      14.1,
      14.3,
      14.5,
      14.7,
      15.8,
      16.0,
      14.8,
      14.8,
      14.0,
      14.8,
      20.7,
      19.6,
      15.9,
      17.3,
      16.6,
      15.8,
      16.0,
      15.9
    ]
  }
}