{
  "nuc2:power": {
    "time": [
      0.068,
      1.092,
      2.115,
      3.158,
      4.224,
      5.245,
      6.268,
      7.292,
      8.317,
      9.34,
      10.362,
      11.381,
      12.405,
      13.425,
      14.454,
      15.481,
      16.501
    ],
    "val": [
      12520.0,
      12614.0,
      12614.0,
      13084.0,
      12990.0,
      12990.0,
      12558.0,
      12558.0,
      12652.0,
      12727.0,
      12727.0,
      12765.0,
      12915.0,
      12915.0,
      12802.0,
      12802.0,
      12332.0
    ]
  },
  "nuc2:pcks": {
    "time": [
      0.001,
      1.004,
      2.007,
      3.009,
      4.011,
      5.014,
      6.018,
      7.021,
      8.023,
      9.026,
      10.029,
      11.032,
      12.035,
      13.037,
      14.04,
      15.043,
      16.047,
      17.051,
      18.055,
      19.058,
      20.061,
      21.065,
      22.068,
      23.072,
      24.074,
      25.077,
      26.081,
      27.084,
      28.087,
      29.091
    ],
    "val": [
      13047.39941932808,
      10107.931213222895,
      10085.477645295237,
      10085.902495302327,
      10103.280107028606,
      10054.140973474094,
      10038.154199436087,
      10029.070392108435,
      10079.89871744237,
      10041.962407715242,
      10026.294606632662,
      10052.19248856327,
      10102.145700100136,
      10096.431987798374,
      10066.42852903805,
      10105.74489729923,
      9953.634135842882,
      9915.296866750483,
      9928.62426198121,
      10095.27450315043,
      10081.764041890736,
      9975.263980967991,
      9940.074612014343,
      9980.43447667884,
      10113.42212889869,
      10093.785494472673,
      10034.05793249258,
      9981.343540080768,
      10020.121970562896,
      10022.359202692798
    ]
  },
  "nuc2:mbps": {
    "time": [
      0.001,
      1.004,
      2.006,
      3.009,
      4.011,
      5.014,
      6.017,
      7.02,
      8.023,
      9.026,
      10.029,
      11.031,
      12.034,
      13.037,
      14.039,
      15.042,
      16.046,
      17.051,
      18.055,
      19.058,
      20.061,
      21.064,
      22.068,
      23.071,
      24.074,
      25.076,
      26.08,
      27.084,
      28.087,
      29.09
    ],
    "val": [
      136.7089114624637,
      104.18236328034696,
      104.22457071315239,
      104.15538238056517,
      104.18267774090477,
      104.20004003338907,
      104.24371982931467,
      104.16833197247993,
      104.1250046896826,
      104.21096803136582,
      104.16346477984402,
      104.23354907699586,
      104.14314865492487,
      104.21003501923482,
      104.21526332971673,
      104.23420927914293,
      104.08251579054871,
      104.13423538182798,
      104.16565256523805,
      104.1685140440138,
      104.20275198405504,
      104.12522785881204,
      104.14980830450618,
      104.16558135039504,
      104.17213294960625,
      104.24204166260748,
      104.15340172006456,
      104.16729346842263,
      104.1829762681481,
      104.13837835944985
    ]
  },
  "nuc2:cpu_perc": {
    "time": [
      0.0,
      1.003,
      2.006,
      3.008,
      4.01,
      5.013,
      6.017,
      7.02,
      8.022,
      9.025,
      10.028,
      11.031,
      12.034,
      13.036,
      14.039,
      15.042,
      16.045,
      17.05,
      18.054,
      19.057,
      20.06,
      21.063,
      22.067,
      23.07,
      24.073,
      25.076,
      26.079,
      27.083,
      28.086,
      29.089
    ],
    "val": [
      7.7,
      13.8,
      16.3,
      16.3,
      16.6,
      10.0,
      10.6,
      14.2,
      8.1,
      7.3,
      5.0,
      3.1,
      4.3,
      3.1,
      3.6,
      2.6,
      14.0,
      17.1,
      16.0,
      8.4,
      1.8,
      8.9,
      10.8,
      6.7,
      2.1,
      4.4,
      6.1,
      7.9,
      3.7,
      5.9
    ]
  }
}