{
  "nuc2:power": {
    "time": [
      0.025,
      1.063,
      2.126,
      3.21,
      4.236,
      5.261,
      6.283,
      7.311,
      8.337,
      9.358,
      10.379,
      11.406,
      12.428,
      13.452,
      14.48,
      15.505,
      16.527,
      17.773,
      18.799,
      19.823,
      20.942,
      21.972,
      22.996,
      24.044,
      25.072,
      26.099,
      27.124,
      28.187,
      29.425
    ],
    "val": [
      12633.0,
      12238.0,
      12238.0,
      12332.0,
      12332.0,
      12332.0,
      12389.0,
      12389.0,
      12802.0,
      12558.0,
      12558.0,
      12821.0,
      12163.0,
      12163.0,
      12596.0,
      12596.0,
      12596.0,
      12088.0,
      12088.0,
      12464.0,
      12163.0,
      12163.0,
      12445.0,
      12332.0,
      12332.0,
      12276.0,
      12276.0,
      12878.0,
      12502.0
    ]
  },
  "nuc2:pcks": {
    "time": [
      0.001,
      1.004,
      2.006,
      3.009,
      4.012,
      5.015,
      6.019,
      7.022,
      8.024,
      9.028,
      10.03,
      11.033,
      12.036,
      13.039,
      14.042,
      15.045,
      16.048,
      17.051,
      18.054,
      19.057,
      20.06,
      21.063,
      22.066,
      23.069,
      24.072,
      25.075,
      26.079,
      27.081,
      28.084,
      29.087
    ],
    "val": [
      7194.346483704974,
      6543.144158354634,
      6563.621974251947,
      6571.171527049047,
      6562.0721662157375,
      6582.057893136999,
      6587.178235757429,
      6587.112483018839,
      6583.548877464629,
      6584.616484538258,
      6581.027178610859,
      6552.968539606522,
      6561.4375703769765,
      6555.636482944937,
      6571.483632867296,
      6583.0981153005205,
      6584.0076671483985,
      6583.090706255736,
      6585.286643050457,
      6583.923158360617,
      6583.719720176535,
      6583.530377470828,
      6585.577228615943,
      6583.650743789983,
      6583.891859360122,
      6584.98734316803,
      6581.203398265692,
      6580.019539217951,
      6587.158699294226,
      6581.3045904114615
    ]
  },
  "nuc2:mbps": {
    "time": [
      0.0,
      1.003,
      2.006,
      3.009,
      4.012,
      5.015,
      6.018,
      7.021,
      8.024,
      9.027,
      10.03,
      11.032,
      12.035,
      13.038,
      14.041,
      15.044,
      16.047,
      17.05,
      18.053,
      19.056,
      20.059,
      21.062,
      22.066,
      23.069,
      24.072,
      25.075,
      26.078,
      27.08,
      28.083,
      29.086
    ],
    "val": [
      31.07957680960549,
      28.266382764092018,
      28.35484692876841,
      28.387460996851882,
      28.348151758051987,
      28.434490098351834,
      28.456609978472095,
      28.456325926641384,
      28.4409311506472,
      28.445543213205276,
      28.43003741159891,
      28.308824091100178,
      28.34541030402854,
      28.320349606322125,
      28.38880929398672,
      28.43898385809825,
      28.442913122081084,
      28.438951851024783,
      28.448438297977976,
      28.442548044117864,
      28.441669191162628,
      28.440851230673974,
      28.449693627620874,
      28.441371213172726,
      28.44241283243573,
      28.447145322485888,
      28.43079868050779,
      28.42568440942155,
      28.456525580951055,
      28.431235830577513
    ]
  },
  "nuc2:cpu_perc": {
    "time": [
      0.0,
      1.002,
      2.005,
      3.008,
      4.011,
      5.014,
      6.017,
      7.021,
      8.023,
      9.026,
      10.029,
      11.031,
      12.034,
      13.037,
      14.041,
      15.043,
      16.047,
      17.05,
      18.052,
      19.055,
      20.059,
      21.062,
      22.065,
      23.068,
      24.071,
      25.074,
      26.077,
      27.08,
      28.082,
      29.086
    ],
    "val": [
      1.6,
      2.0,
      3.0,
      3.5,
      4.0,
      2.3,
      2.5,
      1.5,
      3.7,
      1.0,
      2.0,
      1.8,
      3.7,
      2.8,
      3.0,
      1.0,
      3.3,
      4.9,
      2.8,
      2.3,
      3.7,
      3.0,
      3.0,
      3.0,
      3.0,
      3.3,
      3.2,
      0.8,
      2.3,
      4.4
    ]
  }
}