{
  "nuc2:power": {
    "time": [
      0.054,
      1.082,
      2.102,
      3.129,
      4.15,
      5.174,
      6.201,
      7.224,
      8.246,
      9.271,
      10.293,
      11.318,
      12.342,
      13.369,
      14.389,
      15.415,
      16.438,
      17.466,
      18.49
    ],
    "val": [
      13160.0,
      13160.0,
      12426.0,
      13761.0,
      13554.0,
      13554.0,
      13216.0,
      13216.0,
      12558.0,
      13404.0,
      13404.0,
      12520.0,
      12577.0,
      12577.0,
      12577.0,
      12577.0,
      12351.0,
      12652.0,
      12652.0
    ]
  },
  "nuc2:pcks": {
    "time": [
      0.002,
      1.006,
      2.009,
      3.011,
      4.015,
      5.019,
      6.022,
      7.026,
      8.03,
      9.034,
      10.037,
      11.04,
      12.043,
      13.047,
      14.05,
      15.053,
      16.056,
      17.06,
      18.063,
      19.067,
      20.07,
      21.074,
      22.077,
      23.081,
      24.084,
      25.088,
      26.091,
      27.095,
      28.098,
      29.102
    ],
    "val": [
      41473.95526459356,
      37545.717423306945,
      37576.05435929211,
      37550.41455037006,
      37538.6666070893,
      37558.95369537928,
      37551.06390001439,
      37552.519971558824,
      37546.571961224385,
      37559.87597242322,
      37556.79576633577,
      37542.71266291182,
      37541.55018674125,
      37555.77553754977,
      37562.352999305884,
      37548.313541648844,
      37539.59353081686,
      37593.93533229166,
      37535.750232027385,
      37535.92352099446,
      37562.37675528644,
      37563.16838738634,
      37540.93601253867,
      37569.56085396503,
      37564.48402993247,
      37552.91922587045,
      37540.405732145846,
      37569.796143355416,
      37544.80859682137,
      37536.31561959276
    ]
  },
  "nuc2:mbps": {
    "time": [
      0.001,
      1.005,
      2.009,
      3.011,
      4.014,
      5.018,
      6.022,
      7.025,
      8.029,
      9.033,
      10.036,
      11.039,
      12.042,
      13.046,
      14.05,
      15.053,
      16.056,
      17.059,
      18.062,
      19.066,
      20.07,
      21.073,
      22.077,
      23.08,
      24.083,
      25.087,
      26.091,
      27.094,
      28.098,
      29.101
    ],
    "val": [
      460.3986590376432,
      415.5561477378128,
      415.6375423497127,
      415.5837492987867,
      415.6306686969165,
      415.6462467481646,
      415.6541489697509,
      415.61749205154393,
      415.54299668150367,
      415.74015463462626,
      415.6707734763312,
      415.6613022632982,
      415.57011700573224,
      415.62370226050984,
      415.63938813855515,
      415.55434319844727,
      415.5621856350054,
      415.8761715667986,
      415.51292963639406,
      415.57514457603787,
      415.5993902693341,
      415.80220034291,
      415.4699204369319,
      415.70464276373787,
      415.6694461714425,
      415.7109991514391,
      415.43154707155776,
      415.552575193104,
      415.6430361728543,
      415.52448211639955
    ]
  },
  "nuc2:cpu_perc": {
    "time": [
      0.0,
      1.004,
      2.008,
      3.01,
      4.013,
      5.017,
      6.021,
      7.024,
      8.028,
      9.032,
      10.036,
      11.039,
      12.042,
      13.045,
      14.049,
      15.052,
      16.055,
      17.058,
      18.061,
      19.065,
      20.069,
      21.072,
      22.076,
      23.079,
      24.083,
      25.086,
      26.09,
      27.093,
      28.097,
      29.1
    ],
    "val": [
      18.6,
      21.3,
      16.2,
      17.5,
      18.1,
      18.0,
      19.0,
      18.4,
      18.6,
      16.5,
      14.9,
      9.0,
      7.3,
      5.1,
      6.3,
      4.3,
      4.3,
      4.6,
      4.6,
      3.9,
      5.3,
      7.4,
      6.4,
      5.8,
      6.1,
      14.4,
      4.4,
      4.2,
      4.2,
      5.3
    ]
  }
}