{
  "nuc2:pcks": {
    "time": [
      1.786,
      2.789,
      3.792,
      4.794,
      5.797,
      6.799,
      7.802,
      8.804,
      9.808,
      10.814,
      11.82,
      12.827,
      13.834,
      14.841,
      15.847,
      16.853,
      17.86,
      18.866,
      19.873,
      20.88,
      21.886,
      22.894,
      23.9,
      24.906,
      25.913,
      26.919,
      27.925,
      28.931,
      29.937,
      30.944
    ],
    "val": [
      16820.03062340503,
      14751.273362830974,
      14750.146392193292,
      14751.741027357119,
      14756.104637945267,
      14771.464179823453,
      14750.710907993922,
      14754.07176461579,
      14535.893298044875,
      0.0,
      0.0,
      0.0,
      0.0,
      0.0,
      0.0,
      0.0,
      0.0,
      0.0,
      0.0,
      0.0,
      0.0,
      0.0,
      0.0,
      0.0,
      0.0,
      0.0,
      0.0,
      0.0,
      0.0,
      0.0
    ]
  },
  "nuc2:mbps": {
    "time": [
      1.786,
      2.789,
      3.791,
      4.794,
      5.796,
      6.799,
      7.801,
      8.804,
      9.807,
      10.813,
      11.819,
      12.826,
      13.833,
      14.839,
      15.846,
      16.852,
      17.859,
      18.865,
      19.872,
      20.879,
      21.885,
      22.892,
      23.899,
      24.906,
      25.911,
      26.918,
      27.924,
      28.93,
      29.936,
      30.942
    ],
    "val": [
      72.66253229310973,
      63.72550092742981,
      63.720632414275016,
      63.72752123818275,
      63.74637203592356,
      63.81272525683732,
      63.723071122533746,
      63.737590023140214,
      62.795059047553856,
      0.0,
      0.0,
      0.0,
      0.0,
      0.0,
      0.0,
      0.0,
      0.0,
      0.0,
      0.0,
      0.0,
      0.0,
      0.0,
      0.0,
      0.0,
      0.0,
      0.0,
      0.0,
      0.0,
      0.0,
      0.0
    ]
  },
  "nuc2:power": {
    "time": [
      0.0,
      1.828,
      2.849,
      3.873,
      4.899,
      5.921,
      6.945,
      7.97,
      8.998,
      10.02,
      11.044,
      12.067,
      13.09,
      14.114,
      15.143,
      16.164,
      17.186,
      18.216,
      19.238,
      20.262,
      21.287,
      22.314,
      23.338,
      24.36,
      25.598,
      26.622,
      27.645,
      28.666,
      29.692,
      31.741
    ],
    "val": [
      8196.0,
      9700.0,
      9700.0,
      12708.0,
      13009.0,
      13009.0,
      12596.0,
      13122.0,
      13122.0,
      12915.0,
      12915.0,
      7557.0,
      7557.0,
      7557.0,
      7614.0,
      7614.0,
      7463.0,
      7463.0,
      7463.0,
      8065.0,
      8065.0,
      7914.0,
      7914.0,
      7914.0,
      7482.0,
      7482.0,
      8027.0,
      8027.0,
      8027.0,
      7839.0
    ]
  },
  "nuc2:cpu_perc": {
    "time": [
      1.786,
      2.788,
      3.791,
      4.794,
      5.796,
      6.798,
      7.801,
      8.803,
      9.806,
      10.811,
      11.817,
      12.824,
      13.831,
      14.838,
      15.844,
      16.85,
      17.857,
      18.863,
      19.87,
      20.876,
      21.883,
      22.89,
      23.897,
      24.904,
      25.91,
      26.916,
      27.922,
      28.928,
      29.935,
      30.941
    ],
    "val": [
      7.9,
      6.9,
      4.3,
      1.6,
      6.2,
      5.2,
      6.1,
      3.1,
      5.2,
      0.3,
      0.5,
      0.0,
      0.2,
      0.0,
      0.2,
      0.0,
      0.5,
      0.0,
      0.5,
      0.2,
      0.2,
      0.7,
      0.0,
      0.0,
      0.2,
      0.2,
      0.2,
      0.2,
      0.5,
      0.0
    ]
  }
}