{
  "nuc2:power": {
    "time": [
      0.015,
      1.072,
      2.096,
      3.117,
      4.142,
      5.163,
      6.193,
      7.216,
      8.239,
      9.264,
      10.289,
      11.31,
      12.338,
      13.363,
      14.387,
      15.409,
      16.435,
      17.58,
      18.613,
      19.662,
      20.686,
      21.71,
      22.734,
      23.758,
      24.782,
      25.807,
      27.856,
      28.878,
      29.901
    ],
    "val": [
      16600.0,
      16600.0,
      16280.0,
      16750.0,
      16957.0,
      16732.0,
      16337.0,
      16337.0,
      16769.0,
      17277.0,
      16957.0,
      17070.0,
      17070.0,
      16976.0,
      16976.0,
      16938.0,
      17032.0,
      17108.0,
      17408.0,
      16826.0,
      16788.0,
      16788.0,
      16393.0,
      17314.0,
      17239.0,
      16450.0,
      16337.0,
      16788.0,
      16638.0
    ]
  },
  "nuc2:pcks": {
    "time": [
      0.002,
      1.005,
      2.008,
      3.012,
      4.015,
      5.018,
      6.021,
      7.024,
      8.027,
      9.031,
      10.033,
      11.037,
      12.041,
      13.044,
      14.047,
      15.05,
      16.053,
      17.057,
      18.06,
      19.063,
      20.066,
      21.069,
      22.072,
      23.075,
      24.078,
      25.081,
      26.084,
      27.087,
      28.09,
      29.093
    ],
    "val": [
      80715.99082660285,
      65370.84159751865,
      65369.523288004624,
      65385.475101228614,
      65372.456060180666,
      65389.873512632905,
      65375.52401520913,
      65385.57554676646,
      65382.43989228346,
      65366.30218595649,
      65393.09811723021,
      65396.02754617587,
      65372.9904239388,
      65357.18349509398,
      65379.37002538288,
      65389.12696810154,
      65384.59369741268,
      65362.910947962264,
      65393.72804130573,
      65369.06571767158,
      65354.36903771161,
      65379.81204203435,
      65361.29857413163,
      65369.850301079445,
      65362.11386447834,
      65361.49535584516,
      65414.61888962135,
      65406.821179249535,
      65412.819351810955,
      65378.54754563007
    ]
  },
  "nuc2:mbps": {
    "time": [
      0.001,
      1.005,
      2.008,
      3.011,
      4.014,
      5.017,
      6.02,
      7.023,
      8.027,
      9.03,
      10.033,
      11.036,
      12.04,
      13.044,
      14.047,
      15.049,
      16.052,
      17.056,
      18.059,
      19.062,
      20.065,
      21.069,
      22.072,
      23.075,
      24.077,
      25.081,
      26.084,
      27.087,
      28.09,
      29.092
    ],
    "val": [
      900.2049530282183,
      727.0369690443853,
      727.0528869921816,
      727.3585833170222,
      727.2449168991734,
      727.3723211832307,
      727.0321391686083,
      727.2614273261158,
      727.1994207632534,
      727.1903127044643,
      727.1485482981963,
      727.3298217694071,
      727.1343463621436,
      727.12064337966,
      727.2330209929023,
      727.2935942492936,
      727.1977630930861,
      727.106226390172,
      727.2216317825101,
      727.2117519099024,
      727.3358190370465,
      727.0833066929243,
      727.0504595448148,
      727.255961211183,
      727.3612194693635,
      727.0834906579566,
      727.3921037731155,
      727.2214640029682,
      727.1957297010529,
      727.205275179745
    ]
  },
  "nuc2:cpu_perc": {
    "time": [
      0.0,
      1.004,
      2.007,
      3.011,
      4.013,
      5.016,
      6.02,
      7.023,
      8.026,
      9.029,
      10.032,
      11.036,
      12.039,
      13.043,
      14.046,
      15.048,
      16.052,
      17.055,
      18.059,
      19.062,
      20.064,
      21.068,
      22.071,
      23.074,
      24.077,
      25.08,
      26.083,
      27.086,
      28.089,
      29.092
    ],
    "val": [
      16.0,
      18.7,
      18.0,
      18.7,
      15.1,
      14.5,
      14.1,
      15.5,
      15.7,
      15.2,
      13.4,
      12.2,
      13.2,
      13.0,
      14.4,
      11.7,
      13.6,
      13.2,
      14.6,
      14.8,
      12.9,
      11.6,
      12.5,
      15.6,
      16.2,
      13.1,
      10.3,
      10.5,
      11.5,
      11.9
    ]
  }
}