{
  "nuc2:power": {
    "time": [
      0.025,
      1.048,
      2.072,
      3.097,
      4.121,
      5.147,
      6.166,
      7.191,
      8.215,
      9.239,
      10.264,
      11.286,
      12.312,
      13.333,
      14.359,
      15.418,
      16.45,
      17.492,
      18.519,
      19.544,
      20.566,
      21.59,
      22.619,
      24.666,
      25.689,
      26.71,
      27.736,
      28.758,
      29.781
    ],
    "val": [
      10452.0,
      10452.0,
      10452.0,
      8704.0,
      8704.0,
      8704.0,
      8704.0,
      9118.0,
      9118.0,
      8384.0,
      8384.0,
      8384.0,
      7952.0,
      7952.0,
      7952.0,
      7463.0,
      7463.0,
      8215.0,
      8215.0,
      8215.0,
      7933.0,
      7933.0,
      7576.0,
      7576.0,
      7557.0,
      7557.0,
      7557.0,
      7839.0,
      7839.0
    ]
  },
  "nuc2:pcks": {
    "time": [
      0.002,
      1.007,
      2.012,
      3.018,
      4.024,
      5.029,
      6.034,
      7.039,
      8.045,
      9.053,
      10.06,
      11.067,
      12.074,
      13.08,
      14.086,
      15.092,
      16.099,
      17.106,
      18.112,
      19.119,
      20.127,
      21.133,
      22.14,
      23.146,
      24.152,
      25.158,
      26.165,
      27.171,
      28.177,
      29.185
    ],
    "val": [
      1821.7622701607065,
      1757.4151005755205,
      1759.215465377126,
      1752.9673506611298,
      1749.408794043743,
      1760.4408359435524,
      1762.8463879861947,
      1750.807050781403,
      1690.2355107964725,
      0.0,
      0.0,
      0.0,
      0.0,
      0.0,
      0.0,
      0.0,
      0.0,
      0.0,
      0.0,
      0.0,
      0.0,
      0.0,
      0.0,
      0.0,
      0.0,
      0.0,
      0.0,
      0.0,
      0.0,
      0.0
    ]
  },
  "nuc2:mbps": {
    "time": [
      0.001,
      1.006,
      2.011,
      3.017,
      4.023,
      5.028,
      6.033,
      7.038,
      8.044,
      9.051,
      10.059,
      11.066,
      12.073,
      13.079,
      14.085,
      15.091,
      16.098,
      17.104,
      18.111,
      19.118,
      20.125,
      21.132,
      22.139,
      23.145,
      24.151,
      25.157,
      26.164,
      27.169,
      28.176,
      29.183
    ],
    "val": [
      7.8700130070942516,
      7.592033234486249,
      7.599810810429185,
      7.572818954856081,
      7.5574459902689695,
      7.605104411276146,
      7.615496396100361,
      7.56348645937566,
      7.301817406640762,
      0.0,
      0.0,
      0.0,
      0.0,
      0.0,
      0.0,
      0.0,
      0.0,
      0.0,
      0.0,
      0.0,
      0.0,
      0.0,
      0.0,
      0.0,
      0.0,
      0.0,
      0.0,
      0.0,
      0.0,
      0.0
    ]
  },
  "nuc2:cpu_perc": {
    "time": [
      0.0,
      1.004,
      2.009,
      3.015,
      4.021,
      5.027,
      6.032,
      7.037,
      8.042,
      9.049,
      10.057,
      11.064,
      12.071,
      13.077,
      14.083,
      15.09,
      16.096,
      17.102,
      18.109,
      19.115,
      20.123,
      21.13,
      22.137,
      23.143,
      24.15,
      25.156,
      26.162,
      27.168,
      28.174,
      29.181
    ],
    "val": [
      0.3,
      10.2,
      9.2,
      15.5,
      10.0,
      5.9,
      4.9,
      1.1,
      1.3,
      0.5,
      0.2,
      1.0,
      0.5,
      0.2,
      0.0,
      0.2,
      1.0,
      0.0,
      0.2,
      0.5,
      0.2,
      0.0,
      0.5,
      0.2,
      0.0,
      0.2,
      0.5,
      0.0,
      0.5,
      0.0
    ]
  }
}