{
  "nuc2:power": {
    "time": [
      0.02,
      1.044,
      2.069,
      3.119,
      4.408,
      5.458,
      6.485,
      7.54,
      8.566,
      9.587,
      10.613,
      11.709,
      12.731,
      13.757,
      14.779,
      15.805,
      16.846,
      17.881,
      18.905,
      19.956,
      20.989,
      22.043,
      23.064,
      24.089,
      25.111,
      26.132,
      27.156,
      28.18
    ],
    "val": [
      10434.0,
      14964.0,
      12690.0,
      12690.0,
      12389.0,
      12671.0,
      12671.0,
      12708.0,
      12088.0,
      12088.0,
      12088.0,
      7595.0,
      7595.0,
      7595.0,
      7595.0,
      7595.0,
      8027.0,
      8027.0,
      8121.0,
      8121.0,
      8121.0,
      7858.0,
      7858.0,
      7839.0,
      7839.0,
      7839.0,
      7520.0,
      7520.0
    ]
  },
  "nuc2:pcks": {
    "time": [
      0.001,
      1.004,
      2.007,
      3.008,
      4.011,
      5.014,
      6.017,
      7.019,
      8.023,
      9.031,
      10.038,
      11.045,
      12.052,
      13.058,
      14.064,
      15.07,
      16.076,
      17.083,
      18.089,
      19.096,
      20.103,
      21.11,
      22.116,
      23.123,
      24.129,
      25.136,
      26.142,
      27.148,
      28.154,
      29.161
    ],
    "val": [
      7881.56091450047,
      6525.224175589018,
      6499.57347959379,
      6560.130938205824,
      6567.125685970535,
      6578.978919789918,
      6582.838082720461,
      6584.430233199603,
      6505.289356134612,
      0.0,
      0.0,
      0.0,
      0.0,
      0.0,
      0.0,
      0.0,
      0.0,
      0.0,
      0.0,
      0.0,
      0.0,
      0.0,
      0.0,
      0.0,
      0.0,
      0.0,
      0.0,
      0.0,
      0.0,
      0.0
    ]
  },
  "nuc2:mbps": {
    "time": [
      0.0,
      1.003,
      2.006,
      3.008,
      4.011,
      5.014,
      6.016,
      7.019,
      8.023,
      9.029,
      10.037,
      11.044,
      12.051,
      13.057,
      14.063,
      15.069,
      16.075,
      17.081,
      18.088,
      19.095,
      20.102,
      21.108,
      22.115,
      23.121,
      24.128,
      25.134,
      26.141,
      27.147,
      28.153,
      29.16
    ],
    "val": [
      34.048343150642026,
      28.188968438544556,
      28.07815743184517,
      28.339765653049163,
      28.36998296339271,
      28.42118893349245,
      28.43786051735239,
      28.444738607422288,
      28.102850018501524,
      0.0,
      0.0,
      0.0,
      0.0,
      0.0,
      0.0,
      0.0,
      0.0,
      0.0,
      0.0,
      0.0,
      0.0,
      0.0,
      0.0,
      0.0,
      0.0,
      0.0,
      0.0,
      0.0,
      0.0,
      0.0
    ]
  },
  "nuc2:cpu_perc": {
    "time": [
      0.0,
      1.003,
      2.006,
      3.008,
      4.01,
      5.013,
      6.016,
      7.018,
      8.022,
      9.027,
      10.034,
      11.042,
      12.049,
      13.055,
      14.061,
      15.067,
      16.073,
      17.079,
      18.086,
      19.093,
      20.1,
      21.106,
      22.113,
      23.119,
      24.126,
      25.133,
      26.139,
      27.145,
      28.151,
      29.157
    ],
    "val": [
      0.2,
      2.8,
      1.0,
      2.5,
      1.5,
      2.5,
      6.0,
      3.0,
      4.0,
      0.0,
      0.7,
      0.7,
      0.2,
      0.2,
      0.2,
      0.2,
      0.2,
      0.0,
      0.5,
      0.2,
      0.0,
      0.2,
      0.5,
      0.5,
      0.2,
      0.2,
      0.5,
      0.2,
      0.2,
      0.5
    ]
  }
}