{
  "nuc2:power": {
    "time": [
      0.022,
      1.045,
      2.072,
      3.091,
      4.12,
      5.142,
      6.164,
      7.192,
      8.227,
      9.309,
      10.358,
      11.384,
      12.407,
      13.43,
      14.453,
      15.476,
      16.508,
      17.535,
      18.557,
      19.576,
      20.6,
      21.62,
      22.643,
      23.668,
      24.697,
      25.717,
      26.74,
      27.765,
      28.8,
      29.824
    ],
    "val": [
      15660.0,
      15322.0,
      15322.0,
      15416.0,
      15246.0,
      16186.0,
      16186.0,
      14400.0,
      16356.0,
      16280.0,
      15058.0,
      15058.0,
      15829.0,
      15322.0,
      15303.0,
      15303.0,
      15585.0,
      15040.0,
      13818.0,
      13818.0,
      14457.0,
      13912.0,
      15867.0,
      15867.0,
      14344.0,
      14006.0,
      14006.0,
      15961.0,
      13949.0,
      16299.0
    ]
  },
  "nuc2:pcks": {
    "time": [
      0.002,
      1.006,
      2.01,
      3.013,
      4.017,
      5.021,
      6.024,
      7.028,
      8.032,
      9.035,
      10.039,
      11.042,
      12.046,
      13.05,
      14.053,
      15.056,
      16.06,
      17.063,
      18.066,
      19.07,
      20.073,
      21.076,
      22.08,
      23.083,
      24.086,
      25.09,
      26.094,
      27.097,
      28.101,
      29.104
    ],
    "val": [
      90505.94327990136,
      55954.805720908065,
      56083.32430080937,
      55938.04482035104,
      56032.97672924779,
      56020.30726691453,
      56017.199470396,
      56014.73959441792,
      56006.506304695096,
      55940.14481184046,
      56014.79890856694,
      56021.83666125164,
      56034.34822327379,
      56044.789302323705,
      55974.22887919229,
      56004.52120359952,
      56014.0063731107,
      56053.998945153944,
      55917.249632763705,
      56022.98462889934,
      56016.71986648852,
      56037.379369937196,
      56050.62569220442,
      56008.4326757576,
      56020.6961754964,
      56070.139816675786,
      56059.53244682128,
      56057.81986526708,
      56039.59505479206,
      55980.69287262929
    ]
  },
  "nuc2:mbps": {
    "time": [
      0.001,
      1.005,
      2.009,
      3.012,
      4.016,
      5.02,
      6.024,
      7.028,
      8.031,
      9.035,
      10.038,
      11.042,
      12.045,
      13.049,
      14.053,
      15.056,
      16.059,
      17.062,
      18.066,
      19.069,
      20.072,
      21.075,
      22.079,
      23.082,
      24.086,
      25.089,
      26.093,
      27.097,
      28.1,
      29.104
    ],
    "val": [
      1004.5169679873172,
      622.8550975431057,
      623.6471880554229,
      622.855687149405,
      623.5725322560181,
      623.3626250254433,
      623.4043959709583,
      623.1677827062722,
      623.5633637778946,
      622.7311293971876,
      623.5999047225334,
      623.0802433704604,
      623.3995690719521,
      623.4530518251851,
      623.2130231968839,
      623.3327693247219,
      623.3538189167651,
      623.5857136357787,
      622.7621674695602,
      623.6490605135349,
      622.8795049821119,
      623.5184658914526,
      623.624396103379,
      623.2088436463987,
      623.1824669314044,
      623.4773261738029,
      623.5095127510491,
      623.1829917052179,
      623.3616712423176,
      622.9287304627347
    ]
  },
  "nuc2:cpu_perc": {
    "time": [
      0.0,
      1.004,
      2.008,
      3.011,
      4.015,
      5.019,
      6.023,
      7.027,
      8.03,
      9.034,
      10.037,
      11.041,
      12.044,
      13.048,
      14.052,
      15.055,
      16.058,
      17.061,
      18.065,
      19.068,
      20.071,
      21.075,
      22.078,
      23.082,
      24.085,
      25.088,
      26.092,
      27.096,
      28.099,
      29.103
    ],
    "val": [
      12.9,
      12.6,
      14.2,
      12.9,
      14.9,
      17.7,
      15.5,
      16.5,
      18.0,
      16.2,
      14.4,
      17.2,
      12.7,
      14.6,
      13.8,
      14.2,
      15.5,
      17.8,
      17.2,
      14.8,
      17.8,
      15.4,
      17.0,
      15.8,
      14.0,
      14.6,
      15.0,
      14.9,
      13.8,
      15.6
    ]
  }
}