{
  "nuc3:power": {
    "time": [
      0.021,
      1.044,
      2.065,
      3.094,
      4.115,
      5.137,
      6.162,
      7.185,
      8.212,
      9.234,
      10.261,
      11.283,
      12.304,
      13.328,
      14.354,
      15.378,
      16.403,
      17.425,
      18.448,
      19.478,
      20.595,
      21.619,
      22.639,
      23.694,
      24.806,
      25.845,
      26.868,
      27.888,
      28.914,
      29.938,
      30.961,
      31.984,
      33.008,
      34.035
    ],
    "val": [
      20999.0,
      21281.0,
      20510.0,
      20849.0,
      21074.0,
      21996.0,
      21056.0,
      21356.0,
      20736.0,
      20999.0,
      21150.0,
      21638.0,
      21657.0,
      21751.0,
      20792.0,
      20924.0,
      20623.0,
      20755.0,
      20999.0,
      21582.0,
      21469.0,
      20886.0,
      20492.0,
      20792.0,
      20868.0,
      20755.0,
      21563.0,
      20661.0,
      20755.0,
      20755.0,
      20247.0,
      21093.0,
      21657.0,
      21488.0
    ]
  },
  "nuc3:mbps": {
    "time": [
      0.002,
      1.005,
      2.007,
      3.01,
      4.013,
      5.016,
      6.018,
      7.021,
      8.024,
      9.026,
      10.029,
      11.032,
      12.035,
      13.038,
      14.041,
      15.044,
      16.046,
      17.049,
      18.052,
      19.055,
      20.057,
      21.061,
      22.063,
      23.066,
      24.069,
      25.072,
      26.075,
      27.078,
      28.08,
      29.082,
      30.086,
      31.088,
      32.09,
      33.094,
      34.096,
      35.099,
      36.102,
      37.105,
      38.107,
      39.11,
      40.113,
      41.116,
      42.118,
      43.121,
      44.124,
      45.127,
      46.13,
      47.132,
      48.135,
      49.137,
      50.14,
      51.143,
      52.146,
      53.148,
      54.151,
      55.154,
      56.157,
      57.16,
      58.162,
      59.165
    ],
    "val": [
      836.1538804889873,
      762.0307948652021,
      762.8693680074866,
      762.7963824672125,
      762.3106904257822,
      762.3441426033768,
      762.5335583038384,
      762.5341325993332,
      762.493748602141,
      762.3667169289478,
      762.4887323499913,
      762.1691959470451,
      762.5024620664201,
      762.4697262257274,
      762.0043995851495,
      763.110385933169,
      762.1834309278312,
      762.2579623603918,
      761.5672812916438,
      763.3784867541772,
      762.8827975521328,
      761.1165754305075,
      763.9692510243256,
      762.0857206711183,
      762.8236795528506,
      762.0036325802746,
      763.1708673037688,
      762.5007611392023,
      762.7908075597019,
      762.5039999957214,
      762.1755128888061,
      762.5467955825238,
      762.4608637731835,
      762.5990940963395,
      762.2757762392476,
      762.368171643191,
      762.5735399052018,
      758.2062716156718,
      766.2642472930227,
      762.904752001605,
      762.6859822495232,
      761.9820551704846,
      763.1634570891534,
      762.698124161704,
      762.3348439737263,
      761.8735858370162,
      762.7572840044913,
      762.3762528650091,
      761.7634363668762,
      763.1054858984668,
      762.3988168830019,
      762.812085725938,
      762.0721389761884,
      762.7031032692521,
      763.0620280295996,
      762.545412441212,
      761.2417710706327,
      762.5493027213782,
      762.9165696612682,
      762.4647143281971
    ]
  },
  "nuc3:cpu_perc": {
    "time": [
      0.0,
      1.004,
      2.007,
      3.009,
      4.012,
      5.015,
      6.017,
      7.02,
      8.023,
      9.025,
      10.028,
      11.031,
      12.034,
      13.037,
      14.04,
      15.043,
      16.045,
      17.048,
      18.051,
      19.053,
      20.057,
      21.06,
      22.063,
      23.065,
      24.068,
      25.071,
      26.074,
      27.077,
      28.079,
      29.082,
      30.085,
      31.088,
      32.09,
      33.092,
      34.096,
      35.098,
      36.101,
      37.104,
      38.106,
      39.109,
      40.112,
      41.115,
      42.118,
      43.12,
      44.123,
      45.126,
      46.129,
      47.131,
      48.134,
      49.137,
      50.139,
      51.142,
      52.144,
      53.148,
      54.15,
      55.153,
      56.156,
      57.159,
      58.162,
      59.164
    ],
    "val": [
      20.3,
      22.5,
      21.4,
      21.1,
      23.1,
      21.5,
      23.1,
      22.5,
      21.9,
      22.9,
      23.3,
      23.8,
      24.2,
      23.2,
      25.6,
      23.5,
      23.9,
      24.5,
      24.4,
      24.8,
      24.8,
      24.3,
      25.4,
      24.5,
      25.4,
      28.2,
      28.3,
      24.1,
      25.4,
      22.9,
      24.1,
      24.7,
      22.9,
      22.8,
      22.1,
      22.0,
      21.8,
      22.3,
      20.8,
      21.0,
      20.7,
      20.3,
      20.7,
      23.1,
      24.6,
      23.0,
      23.5,
      19.9,
      22.2,
      20.5,
      25.3,
      22.1,
      23.9,
      21.3,
      23.4,
      21.8,
      23.9,
      24.0,
      22.9,
      26.1
    ]
  }
}