{
  "nuc3:power": {
    "time": [
      0.028,
      1.055,
      2.08,
      3.102,
      4.156,
      5.192,
      6.214,
      7.24,
      8.29,
      9.314,
      10.34,
      11.361,
      12.385,
      13.409,
      14.433,
      15.454,
      16.483,
      17.502,
      18.529,
      19.554,
      20.581,
      21.602,
      22.632,
      23.655,
      24.676,
      25.726,
      26.755,
      27.775,
      28.804,
      29.827
    ],
    "val": [
      21432.0,
      22240.0,
      21112.0,
      21450.0,
      20924.0,
      22484.0,
      23030.0,
      22973.0,
      22052.0,
      22315.0,
      22710.0,
      22278.0,
      21563.0,
      21488.0,
      21902.0,
      22597.0,
      21864.0,
      21883.0,
      21770.0,
      21732.0,
      21150.0,
      22804.0,
      22447.0,
      21920.0,
      21864.0,
      21977.0,
      22729.0,
      21920.0,
      21714.0,
      21845.0
    ]
  },
  "nuc3:mbps": {
    "time": [
      0.001,
      1.004,
      2.007,
      3.009,
      4.012,
      5.015,
      6.017,
      7.02,
      8.023,
      9.025,
      10.028,
      11.031,
      12.033,
      13.036,
      14.039,
      15.041,
      16.045,
      17.048,
      18.05,
      19.053,
      20.056,
      21.06,
      22.063,
      23.066,
      24.069,
      25.072,
      26.075,
      27.077,
      28.079,
      29.081,
      30.084,
      31.087,
      32.089,
      33.092,
      34.094,
      35.097,
      36.099,
      37.102,
      38.104,
      39.107,
      40.109,
      41.112,
      42.115,
      43.117,
      44.121,
      45.123,
      46.126,
      47.129,
      48.131,
      49.134,
      50.137,
      51.139,
      52.141,
      53.144,
      54.146,
      55.148,
      56.151,
      57.153,
      58.156,
      59.159
    ],
    "val": [
      973.8162633754253,
      871.2797993900016,
      870.8146213140997,
      870.8621877779827,
      871.1784594111093,
      871.2510633783103,
      870.7003030889738,
      871.1551716002299,
      871.2373044634978,
      870.9540930146658,
      871.0106495772205,
      868.0382339656865,
      874.0207429602174,
      871.5468473591113,
      870.8374655749766,
      870.9696671454703,
      852.4026325731969,
      889.7690927453186,
      871.423260356,
      844.9985195139983,
      897.4980780837052,
      870.8798900035014,
      868.07515423596,
      873.7624143580306,
      864.3170829993176,
      876.0794544312379,
      868.6744624340373,
      874.7457828218309,
      871.0089513757445,
      870.9775269246086,
      871.1417728508884,
      871.0166964189774,
      864.5402264123038,
      877.9497181867125,
      870.7972538924878,
      871.2174589068997,
      870.8617371572327,
      870.7839378647764,
      871.3341610785511,
      869.1392002314149,
      872.9287216140036,
      864.9821708417868,
      877.5494927420174,
      871.0218864989864,
      867.5347178618113,
      874.4095047324059,
      870.8476347305929,
      870.9538960775888,
      870.6538658937334,
      867.6033904191044,
      874.9325486536045,
      870.88939797135,
      871.21904462659,
      870.9326870422875,
      871.3853839041129,
      870.8434628697147,
      870.7540394802659,
      870.7033421849305,
      871.3969958223349,
      870.7569933993466
    ]
  },
  "nuc3:cpu_perc": {
    "time": [
      0.0,
      1.003,
      2.006,
      3.008,
      4.011,
      5.013,
      6.016,
      7.019,
      8.022,
      9.024,
      10.027,
      11.03,
      12.032,
      13.035,
      14.038,
      15.04,
      16.043,
      17.047,
      18.049,
      19.052,
      20.055,
      21.058,
      22.062,
      23.065,
      24.068,
      25.071,
      26.074,
      27.076,
      28.079,
      29.08,
      30.083,
      31.086,
      32.088,
      33.091,
      34.094,
      35.096,
      36.098,
      37.101,
      38.103,
      39.106,
      40.109,
      41.111,
      42.114,
      43.117,
      44.12,
      45.123,
      46.125,
      47.128,
      48.131,
      49.133,
      50.136,
      51.138,
      52.141,
      53.143,
      54.145,
      55.148,
      56.15,
      57.153,
      58.155,
      59.158
    ],
    "val": [
      27.1,
      26.8,
      24.8,
      23.9,
      25.1,
      24.7,
      24.0,
      24.8,
      25.3,
      23.9,
      25.1,
      26.2,
      26.0,
      24.5,
      23.9,
      25.5,
      25.6,
      28.5,
      24.7,
      25.7,
      24.7,
      23.7,
      25.3,
      25.8,
      27.8,
      26.1,
      25.3,
      27.5,
      29.6,
      25.6,
      26.4,
      28.0,
      25.9,
      27.9,
      29.7,
      29.5,
      28.7,
      28.8,
      29.3,
      27.9,
      27.3,
      25.7,
      26.8,
      24.6,
      27.7,
      26.3,
      26.5,
      26.4,
      29.3,
      27.6,
      27.9,
      24.8,
      25.5,
      24.9,
      24.0,
      24.1,
      27.2,
      28.0,
      24.3,
      26.0
    ]
  }
}